stage,target_id,n_samples,mae_x,mae_y,mae_norm,rmse_x,rmse_y,rmse_norm,final_error,max_error
fusion,2,230,9.419342416728019e+33,2.3316253448833846e+33,9.708754204632606e+33,3.4809919520372018e+34,8.53376587280861e+33,3.584069833285464e+34,80.43679517317369,1.6451772313857997e+35
