t,stage,target_id,gt_x,gt_y,est_x,est_y,err_x,err_y,err_norm
1774349499.9836392,unicycle,1,1.8302246092766836,-1.897035960496396e-05,0.0,0.0,-1.8302246092766836,1.897035960496396e-05,1.8302246093749979
1774349505.322131,unicycle,1,4.853190986916791e+34,-2.1709157972454774e+34,0.12172395540050562,-0.054449218750000195,-4.853190986916791e+34,2.1709157972454774e+34,5.316609648471509e+34
1774349516.7345808,unicycle,1,0.05716579393820253,0.12779699528320657,0.08912891613614304,-0.04168749999999999,0.031963122197940515,-0.16948449528320655,0.17247212911668872
