stage,target_id,n_samples,mae_x,mae_y,mae_norm,rmse_x,rmse_y,rmse_norm,final_error,max_error
unicycle,1,175,0.49694426650656404,0.39337370142864236,0.6365501960342584,1.2979138874251133,1.1014899015269,1.7023103307965646,0.005514867813178007,20.56590873546771
