[0.424s] DEBUG:colcon:Command line arguments: ['/usr/bin/colcon', 'build', '--symlink-install']
[0.425s] DEBUG:colcon:Parsed command line arguments: Namespace(log_base=None, log_level=None, verb_name='build', build_base='build', install_base='install', merge_install=False, symlink_install=True, test_result_base=None, continue_on_error=False, executor='parallel', parallel_workers=16, event_handlers=None, ignore_user_meta=False, metas=['./colcon.meta'], base_paths=['.'], packages_ignore=None, packages_ignore_regex=None, paths=None, packages_up_to=None, packages_up_to_regex=None, packages_above=None, packages_above_and_dependencies=None, packages_above_depth=None, packages_select_by_dep=None, packages_skip_by_dep=None, packages_skip_up_to=None, packages_select_build_failed=False, packages_skip_build_finished=False, packages_select_test_failures=False, packages_skip_test_passed=False, packages_select=None, packages_skip=None, packages_select_regex=None, packages_skip_regex=None, packages_start=None, packages_end=None, allow_overriding=[], cmake_args=None, cmake_target=None, cmake_target_skip_unavailable=False, cmake_clean_cache=False, cmake_clean_first=False, cmake_force_configure=False, ament_cmake_args=None, catkin_cmake_args=None, catkin_skip_building_tests=False, mixin_files=None, mixin=None, verb_parser=<colcon_mixin.mixin.mixin_argument.MixinArgumentDecorator object at 0x7bc13bf6f490>, verb_extension=<colcon_core.verb.build.BuildVerb object at 0x7bc13bf28fa0>, main=<bound method BuildVerb.main of <colcon_core.verb.build.BuildVerb object at 0x7bc13bf28fa0>>, mixin_verb=('build',))
[0.836s] Level 1:colcon.colcon_core.package_discovery:discover_packages(colcon_meta) check parameters
[0.836s] Level 1:colcon.colcon_core.package_discovery:discover_packages(recursive) check parameters
[0.836s] Level 1:colcon.colcon_core.package_discovery:discover_packages(ignore) check parameters
[0.836s] Level 1:colcon.colcon_core.package_discovery:discover_packages(path) check parameters
[0.837s] Level 1:colcon.colcon_core.package_discovery:discover_packages(colcon_meta) discover
[0.837s] Level 1:colcon.colcon_core.package_discovery:discover_packages(recursive) discover
[0.837s] INFO:colcon.colcon_core.package_discovery:Crawling recursively for packages in '/home/isarlab/ros2_humble'
[0.837s] Level 1:colcon.colcon_core.package_identification:_identify(.) by extensions ['ignore', 'ignore_ament_install']
[0.837s] Level 1:colcon.colcon_core.package_identification:_identify(.) by extension 'ignore'
[0.837s] Level 1:colcon.colcon_core.package_identification:_identify(.) by extension 'ignore_ament_install'
[0.837s] Level 1:colcon.colcon_core.package_identification:_identify(.) by extensions ['colcon_pkg']
[0.837s] Level 1:colcon.colcon_core.package_identification:_identify(.) by extension 'colcon_pkg'
[0.837s] Level 1:colcon.colcon_core.package_identification:_identify(.) by extensions ['colcon_meta']
[0.837s] Level 1:colcon.colcon_core.package_identification:_identify(.) by extension 'colcon_meta'
[0.837s] Level 1:colcon.colcon_core.package_identification:_identify(.) by extensions ['ros']
[0.837s] Level 1:colcon.colcon_core.package_identification:_identify(.) by extension 'ros'
[0.855s] Level 1:colcon.colcon_core.package_identification:_identify(.) by extensions ['cmake', 'python']
[0.855s] Level 1:colcon.colcon_core.package_identification:_identify(.) by extension 'cmake'
[0.855s] Level 1:colcon.colcon_core.package_identification:_identify(.) by extension 'python'
[0.855s] Level 1:colcon.colcon_core.package_identification:_identify(.) by extensions ['python_setup_py']
[0.855s] Level 1:colcon.colcon_core.package_identification:_identify(.) by extension 'python_setup_py'
[0.855s] Level 1:colcon.colcon_core.package_identification:_identify(build) by extensions ['ignore', 'ignore_ament_install']
[0.855s] Level 1:colcon.colcon_core.package_identification:_identify(build) by extension 'ignore'
[0.855s] Level 1:colcon.colcon_core.package_identification:_identify(build) ignored
[0.855s] Level 1:colcon.colcon_core.package_identification:_identify(install) by extensions ['ignore', 'ignore_ament_install']
[0.855s] Level 1:colcon.colcon_core.package_identification:_identify(install) by extension 'ignore'
[0.855s] Level 1:colcon.colcon_core.package_identification:_identify(install) ignored
[0.856s] Level 1:colcon.colcon_core.package_identification:_identify(log) by extensions ['ignore', 'ignore_ament_install']
[0.856s] Level 1:colcon.colcon_core.package_identification:_identify(log) by extension 'ignore'
[0.856s] Level 1:colcon.colcon_core.package_identification:_identify(log) ignored
[0.856s] Level 1:colcon.colcon_core.package_identification:_identify(metrics_output) by extensions ['ignore', 'ignore_ament_install']
[0.856s] Level 1:colcon.colcon_core.package_identification:_identify(metrics_output) by extension 'ignore'
[0.856s] Level 1:colcon.colcon_core.package_identification:_identify(metrics_output) by extension 'ignore_ament_install'
[0.856s] Level 1:colcon.colcon_core.package_identification:_identify(metrics_output) by extensions ['colcon_pkg']
[0.856s] Level 1:colcon.colcon_core.package_identification:_identify(metrics_output) by extension 'colcon_pkg'
[0.856s] Level 1:colcon.colcon_core.package_identification:_identify(metrics_output) by extensions ['colcon_meta']
[0.856s] Level 1:colcon.colcon_core.package_identification:_identify(metrics_output) by extension 'colcon_meta'
[0.857s] Level 1:colcon.colcon_core.package_identification:_identify(metrics_output) by extensions ['ros']
[0.857s] Level 1:colcon.colcon_core.package_identification:_identify(metrics_output) by extension 'ros'
[0.857s] Level 1:colcon.colcon_core.package_identification:_identify(metrics_output) by extensions ['cmake', 'python']
[0.857s] Level 1:colcon.colcon_core.package_identification:_identify(metrics_output) by extension 'cmake'
[0.857s] Level 1:colcon.colcon_core.package_identification:_identify(metrics_output) by extension 'python'
[0.857s] Level 1:colcon.colcon_core.package_identification:_identify(metrics_output) by extensions ['python_setup_py']
[0.857s] Level 1:colcon.colcon_core.package_identification:_identify(metrics_output) by extension 'python_setup_py'
[0.857s] Level 1:colcon.colcon_core.package_identification:_identify(metrics_output/esperimento_01) by extensions ['ignore', 'ignore_ament_install']
[0.857s] Level 1:colcon.colcon_core.package_identification:_identify(metrics_output/esperimento_01) by extension 'ignore'
[0.857s] Level 1:colcon.colcon_core.package_identification:_identify(metrics_output/esperimento_01) by extension 'ignore_ament_install'
[0.858s] Level 1:colcon.colcon_core.package_identification:_identify(metrics_output/esperimento_01) by extensions ['colcon_pkg']
[0.858s] Level 1:colcon.colcon_core.package_identification:_identify(metrics_output/esperimento_01) by extension 'colcon_pkg'
[0.858s] Level 1:colcon.colcon_core.package_identification:_identify(metrics_output/esperimento_01) by extensions ['colcon_meta']
[0.858s] Level 1:colcon.colcon_core.package_identification:_identify(metrics_output/esperimento_01) by extension 'colcon_meta'
[0.858s] Level 1:colcon.colcon_core.package_identification:_identify(metrics_output/esperimento_01) by extensions ['ros']
[0.858s] Level 1:colcon.colcon_core.package_identification:_identify(metrics_output/esperimento_01) by extension 'ros'
[0.858s] Level 1:colcon.colcon_core.package_identification:_identify(metrics_output/esperimento_01) by extensions ['cmake', 'python']
[0.858s] Level 1:colcon.colcon_core.package_identification:_identify(metrics_output/esperimento_01) by extension 'cmake'
[0.858s] Level 1:colcon.colcon_core.package_identification:_identify(metrics_output/esperimento_01) by extension 'python'
[0.858s] Level 1:colcon.colcon_core.package_identification:_identify(metrics_output/esperimento_01) by extensions ['python_setup_py']
[0.858s] Level 1:colcon.colcon_core.package_identification:_identify(metrics_output/esperimento_01) by extension 'python_setup_py'
[0.858s] Level 1:colcon.colcon_core.package_identification:_identify(metrics_output/esperimento_01/accelerated_right) by extensions ['ignore', 'ignore_ament_install']
[0.858s] Level 1:colcon.colcon_core.package_identification:_identify(metrics_output/esperimento_01/accelerated_right) by extension 'ignore'
[0.858s] Level 1:colcon.colcon_core.package_identification:_identify(metrics_output/esperimento_01/accelerated_right) by extension 'ignore_ament_install'
[0.858s] Level 1:colcon.colcon_core.package_identification:_identify(metrics_output/esperimento_01/accelerated_right) by extensions ['colcon_pkg']
[0.858s] Level 1:colcon.colcon_core.package_identification:_identify(metrics_output/esperimento_01/accelerated_right) by extension 'colcon_pkg'
[0.858s] Level 1:colcon.colcon_core.package_identification:_identify(metrics_output/esperimento_01/accelerated_right) by extensions ['colcon_meta']
[0.859s] Level 1:colcon.colcon_core.package_identification:_identify(metrics_output/esperimento_01/accelerated_right) by extension 'colcon_meta'
[0.859s] Level 1:colcon.colcon_core.package_identification:_identify(metrics_output/esperimento_01/accelerated_right) by extensions ['ros']
[0.859s] Level 1:colcon.colcon_core.package_identification:_identify(metrics_output/esperimento_01/accelerated_right) by extension 'ros'
[0.859s] Level 1:colcon.colcon_core.package_identification:_identify(metrics_output/esperimento_01/accelerated_right) by extensions ['cmake', 'python']
[0.859s] Level 1:colcon.colcon_core.package_identification:_identify(metrics_output/esperimento_01/accelerated_right) by extension 'cmake'
[0.859s] Level 1:colcon.colcon_core.package_identification:_identify(metrics_output/esperimento_01/accelerated_right) by extension 'python'
[0.859s] Level 1:colcon.colcon_core.package_identification:_identify(metrics_output/esperimento_01/accelerated_right) by extensions ['python_setup_py']
[0.859s] Level 1:colcon.colcon_core.package_identification:_identify(metrics_output/esperimento_01/accelerated_right) by extension 'python_setup_py'
[0.859s] Level 1:colcon.colcon_core.package_identification:_identify(metrics_output/esperimento_01/accelerated_right/esperimento_01_ackermann) by extensions ['ignore', 'ignore_ament_install']
[0.859s] Level 1:colcon.colcon_core.package_identification:_identify(metrics_output/esperimento_01/accelerated_right/esperimento_01_ackermann) by extension 'ignore'
[0.859s] Level 1:colcon.colcon_core.package_identification:_identify(metrics_output/esperimento_01/accelerated_right/esperimento_01_ackermann) by extension 'ignore_ament_install'
[0.859s] Level 1:colcon.colcon_core.package_identification:_identify(metrics_output/esperimento_01/accelerated_right/esperimento_01_ackermann) by extensions ['colcon_pkg']
[0.859s] Level 1:colcon.colcon_core.package_identification:_identify(metrics_output/esperimento_01/accelerated_right/esperimento_01_ackermann) by extension 'colcon_pkg'
[0.859s] Level 1:colcon.colcon_core.package_identification:_identify(metrics_output/esperimento_01/accelerated_right/esperimento_01_ackermann) by extensions ['colcon_meta']
[0.859s] Level 1:colcon.colcon_core.package_identification:_identify(metrics_output/esperimento_01/accelerated_right/esperimento_01_ackermann) by extension 'colcon_meta'
[0.860s] Level 1:colcon.colcon_core.package_identification:_identify(metrics_output/esperimento_01/accelerated_right/esperimento_01_ackermann) by extensions ['ros']
[0.860s] Level 1:colcon.colcon_core.package_identification:_identify(metrics_output/esperimento_01/accelerated_right/esperimento_01_ackermann) by extension 'ros'
[0.860s] Level 1:colcon.colcon_core.package_identification:_identify(metrics_output/esperimento_01/accelerated_right/esperimento_01_ackermann) by extensions ['cmake', 'python']
[0.860s] Level 1:colcon.colcon_core.package_identification:_identify(metrics_output/esperimento_01/accelerated_right/esperimento_01_ackermann) by extension 'cmake'
[0.860s] Level 1:colcon.colcon_core.package_identification:_identify(metrics_output/esperimento_01/accelerated_right/esperimento_01_ackermann) by extension 'python'
[0.860s] Level 1:colcon.colcon_core.package_identification:_identify(metrics_output/esperimento_01/accelerated_right/esperimento_01_ackermann) by extensions ['python_setup_py']
[0.860s] Level 1:colcon.colcon_core.package_identification:_identify(metrics_output/esperimento_01/accelerated_right/esperimento_01_ackermann) by extension 'python_setup_py'
[0.860s] Level 1:colcon.colcon_core.package_identification:_identify(metrics_output/esperimento_01/accelerated_right/esperimento_01_ackermann/debug_audit) by extensions ['ignore', 'ignore_ament_install']
[0.860s] Level 1:colcon.colcon_core.package_identification:_identify(metrics_output/esperimento_01/accelerated_right/esperimento_01_ackermann/debug_audit) by extension 'ignore'
[0.860s] Level 1:colcon.colcon_core.package_identification:_identify(metrics_output/esperimento_01/accelerated_right/esperimento_01_ackermann/debug_audit) by extension 'ignore_ament_install'
[0.861s] Level 1:colcon.colcon_core.package_identification:_identify(metrics_output/esperimento_01/accelerated_right/esperimento_01_ackermann/debug_audit) by extensions ['colcon_pkg']
[0.861s] Level 1:colcon.colcon_core.package_identification:_identify(metrics_output/esperimento_01/accelerated_right/esperimento_01_ackermann/debug_audit) by extension 'colcon_pkg'
[0.861s] Level 1:colcon.colcon_core.package_identification:_identify(metrics_output/esperimento_01/accelerated_right/esperimento_01_ackermann/debug_audit) by extensions ['colcon_meta']
[0.861s] Level 1:colcon.colcon_core.package_identification:_identify(metrics_output/esperimento_01/accelerated_right/esperimento_01_ackermann/debug_audit) by extension 'colcon_meta'
[0.861s] Level 1:colcon.colcon_core.package_identification:_identify(metrics_output/esperimento_01/accelerated_right/esperimento_01_ackermann/debug_audit) by extensions ['ros']
[0.861s] Level 1:colcon.colcon_core.package_identification:_identify(metrics_output/esperimento_01/accelerated_right/esperimento_01_ackermann/debug_audit) by extension 'ros'
[0.861s] Level 1:colcon.colcon_core.package_identification:_identify(metrics_output/esperimento_01/accelerated_right/esperimento_01_ackermann/debug_audit) by extensions ['cmake', 'python']
[0.861s] Level 1:colcon.colcon_core.package_identification:_identify(metrics_output/esperimento_01/accelerated_right/esperimento_01_ackermann/debug_audit) by extension 'cmake'
[0.861s] Level 1:colcon.colcon_core.package_identification:_identify(metrics_output/esperimento_01/accelerated_right/esperimento_01_ackermann/debug_audit) by extension 'python'
[0.861s] Level 1:colcon.colcon_core.package_identification:_identify(metrics_output/esperimento_01/accelerated_right/esperimento_01_ackermann/debug_audit) by extensions ['python_setup_py']
[0.861s] Level 1:colcon.colcon_core.package_identification:_identify(metrics_output/esperimento_01/accelerated_right/esperimento_01_ackermann/debug_audit) by extension 'python_setup_py'
[0.861s] Level 1:colcon.colcon_core.package_identification:_identify(metrics_output/esperimento_01/accelerated_right/esperimento_01_fusion) by extensions ['ignore', 'ignore_ament_install']
[0.861s] Level 1:colcon.colcon_core.package_identification:_identify(metrics_output/esperimento_01/accelerated_right/esperimento_01_fusion) by extension 'ignore'
[0.862s] Level 1:colcon.colcon_core.package_identification:_identify(metrics_output/esperimento_01/accelerated_right/esperimento_01_fusion) by extension 'ignore_ament_install'
[0.862s] Level 1:colcon.colcon_core.package_identification:_identify(metrics_output/esperimento_01/accelerated_right/esperimento_01_fusion) by extensions ['colcon_pkg']
[0.862s] Level 1:colcon.colcon_core.package_identification:_identify(metrics_output/esperimento_01/accelerated_right/esperimento_01_fusion) by extension 'colcon_pkg'
[0.862s] Level 1:colcon.colcon_core.package_identification:_identify(metrics_output/esperimento_01/accelerated_right/esperimento_01_fusion) by extensions ['colcon_meta']
[0.862s] Level 1:colcon.colcon_core.package_identification:_identify(metrics_output/esperimento_01/accelerated_right/esperimento_01_fusion) by extension 'colcon_meta'
[0.862s] Level 1:colcon.colcon_core.package_identification:_identify(metrics_output/esperimento_01/accelerated_right/esperimento_01_fusion) by extensions ['ros']
[0.862s] Level 1:colcon.colcon_core.package_identification:_identify(metrics_output/esperimento_01/accelerated_right/esperimento_01_fusion) by extension 'ros'
[0.862s] Level 1:colcon.colcon_core.package_identification:_identify(metrics_output/esperimento_01/accelerated_right/esperimento_01_fusion) by extensions ['cmake', 'python']
[0.862s] Level 1:colcon.colcon_core.package_identification:_identify(metrics_output/esperimento_01/accelerated_right/esperimento_01_fusion) by extension 'cmake'
[0.862s] Level 1:colcon.colcon_core.package_identification:_identify(metrics_output/esperimento_01/accelerated_right/esperimento_01_fusion) by extension 'python'
[0.862s] Level 1:colcon.colcon_core.package_identification:_identify(metrics_output/esperimento_01/accelerated_right/esperimento_01_fusion) by extensions ['python_setup_py']
[0.862s] Level 1:colcon.colcon_core.package_identification:_identify(metrics_output/esperimento_01/accelerated_right/esperimento_01_fusion) by extension 'python_setup_py'
[0.862s] Level 1:colcon.colcon_core.package_identification:_identify(metrics_output/esperimento_01/accelerated_right/esperimento_01_fusion/debug_audit) by extensions ['ignore', 'ignore_ament_install']
[0.862s] Level 1:colcon.colcon_core.package_identification:_identify(metrics_output/esperimento_01/accelerated_right/esperimento_01_fusion/debug_audit) by extension 'ignore'
[0.862s] Level 1:colcon.colcon_core.package_identification:_identify(metrics_output/esperimento_01/accelerated_right/esperimento_01_fusion/debug_audit) by extension 'ignore_ament_install'
[0.862s] Level 1:colcon.colcon_core.package_identification:_identify(metrics_output/esperimento_01/accelerated_right/esperimento_01_fusion/debug_audit) by extensions ['colcon_pkg']
[0.863s] Level 1:colcon.colcon_core.package_identification:_identify(metrics_output/esperimento_01/accelerated_right/esperimento_01_fusion/debug_audit) by extension 'colcon_pkg'
[0.863s] Level 1:colcon.colcon_core.package_identification:_identify(metrics_output/esperimento_01/accelerated_right/esperimento_01_fusion/debug_audit) by extensions ['colcon_meta']
[0.863s] Level 1:colcon.colcon_core.package_identification:_identify(metrics_output/esperimento_01/accelerated_right/esperimento_01_fusion/debug_audit) by extension 'colcon_meta'
[0.863s] Level 1:colcon.colcon_core.package_identification:_identify(metrics_output/esperimento_01/accelerated_right/esperimento_01_fusion/debug_audit) by extensions ['ros']
[0.863s] Level 1:colcon.colcon_core.package_identification:_identify(metrics_output/esperimento_01/accelerated_right/esperimento_01_fusion/debug_audit) by extension 'ros'
[0.863s] Level 1:colcon.colcon_core.package_identification:_identify(metrics_output/esperimento_01/accelerated_right/esperimento_01_fusion/debug_audit) by extensions ['cmake', 'python']
[0.863s] Level 1:colcon.colcon_core.package_identification:_identify(metrics_output/esperimento_01/accelerated_right/esperimento_01_fusion/debug_audit) by extension 'cmake'
[0.863s] Level 1:colcon.colcon_core.package_identification:_identify(metrics_output/esperimento_01/accelerated_right/esperimento_01_fusion/debug_audit) by extension 'python'
[0.863s] Level 1:colcon.colcon_core.package_identification:_identify(metrics_output/esperimento_01/accelerated_right/esperimento_01_fusion/debug_audit) by extensions ['python_setup_py']
[0.863s] Level 1:colcon.colcon_core.package_identification:_identify(metrics_output/esperimento_01/accelerated_right/esperimento_01_fusion/debug_audit) by extension 'python_setup_py'
[0.863s] Level 1:colcon.colcon_core.package_identification:_identify(metrics_output/esperimento_01/accelerated_right/esperimento_01_unicycle) by extensions ['ignore', 'ignore_ament_install']
[0.863s] Level 1:colcon.colcon_core.package_identification:_identify(metrics_output/esperimento_01/accelerated_right/esperimento_01_unicycle) by extension 'ignore'
[0.863s] Level 1:colcon.colcon_core.package_identification:_identify(metrics_output/esperimento_01/accelerated_right/esperimento_01_unicycle) by extension 'ignore_ament_install'
[0.863s] Level 1:colcon.colcon_core.package_identification:_identify(metrics_output/esperimento_01/accelerated_right/esperimento_01_unicycle) by extensions ['colcon_pkg']
[0.863s] Level 1:colcon.colcon_core.package_identification:_identify(metrics_output/esperimento_01/accelerated_right/esperimento_01_unicycle) by extension 'colcon_pkg'
[0.864s] Level 1:colcon.colcon_core.package_identification:_identify(metrics_output/esperimento_01/accelerated_right/esperimento_01_unicycle) by extensions ['colcon_meta']
[0.864s] Level 1:colcon.colcon_core.package_identification:_identify(metrics_output/esperimento_01/accelerated_right/esperimento_01_unicycle) by extension 'colcon_meta'
[0.864s] Level 1:colcon.colcon_core.package_identification:_identify(metrics_output/esperimento_01/accelerated_right/esperimento_01_unicycle) by extensions ['ros']
[0.864s] Level 1:colcon.colcon_core.package_identification:_identify(metrics_output/esperimento_01/accelerated_right/esperimento_01_unicycle) by extension 'ros'
[0.864s] Level 1:colcon.colcon_core.package_identification:_identify(metrics_output/esperimento_01/accelerated_right/esperimento_01_unicycle) by extensions ['cmake', 'python']
[0.864s] Level 1:colcon.colcon_core.package_identification:_identify(metrics_output/esperimento_01/accelerated_right/esperimento_01_unicycle) by extension 'cmake'
[0.864s] Level 1:colcon.colcon_core.package_identification:_identify(metrics_output/esperimento_01/accelerated_right/esperimento_01_unicycle) by extension 'python'
[0.864s] Level 1:colcon.colcon_core.package_identification:_identify(metrics_output/esperimento_01/accelerated_right/esperimento_01_unicycle) by extensions ['python_setup_py']
[0.864s] Level 1:colcon.colcon_core.package_identification:_identify(metrics_output/esperimento_01/accelerated_right/esperimento_01_unicycle) by extension 'python_setup_py'
[0.864s] Level 1:colcon.colcon_core.package_identification:_identify(metrics_output/esperimento_01/accelerated_right/esperimento_01_unicycle/debug_audit) by extensions ['ignore', 'ignore_ament_install']
[0.864s] Level 1:colcon.colcon_core.package_identification:_identify(metrics_output/esperimento_01/accelerated_right/esperimento_01_unicycle/debug_audit) by extension 'ignore'
[0.864s] Level 1:colcon.colcon_core.package_identification:_identify(metrics_output/esperimento_01/accelerated_right/esperimento_01_unicycle/debug_audit) by extension 'ignore_ament_install'
[0.865s] Level 1:colcon.colcon_core.package_identification:_identify(metrics_output/esperimento_01/accelerated_right/esperimento_01_unicycle/debug_audit) by extensions ['colcon_pkg']
[0.865s] Level 1:colcon.colcon_core.package_identification:_identify(metrics_output/esperimento_01/accelerated_right/esperimento_01_unicycle/debug_audit) by extension 'colcon_pkg'
[0.865s] Level 1:colcon.colcon_core.package_identification:_identify(metrics_output/esperimento_01/accelerated_right/esperimento_01_unicycle/debug_audit) by extensions ['colcon_meta']
[0.865s] Level 1:colcon.colcon_core.package_identification:_identify(metrics_output/esperimento_01/accelerated_right/esperimento_01_unicycle/debug_audit) by extension 'colcon_meta'
[0.865s] Level 1:colcon.colcon_core.package_identification:_identify(metrics_output/esperimento_01/accelerated_right/esperimento_01_unicycle/debug_audit) by extensions ['ros']
[0.865s] Level 1:colcon.colcon_core.package_identification:_identify(metrics_output/esperimento_01/accelerated_right/esperimento_01_unicycle/debug_audit) by extension 'ros'
[0.865s] Level 1:colcon.colcon_core.package_identification:_identify(metrics_output/esperimento_01/accelerated_right/esperimento_01_unicycle/debug_audit) by extensions ['cmake', 'python']
[0.865s] Level 1:colcon.colcon_core.package_identification:_identify(metrics_output/esperimento_01/accelerated_right/esperimento_01_unicycle/debug_audit) by extension 'cmake'
[0.865s] Level 1:colcon.colcon_core.package_identification:_identify(metrics_output/esperimento_01/accelerated_right/esperimento_01_unicycle/debug_audit) by extension 'python'
[0.865s] Level 1:colcon.colcon_core.package_identification:_identify(metrics_output/esperimento_01/accelerated_right/esperimento_01_unicycle/debug_audit) by extensions ['python_setup_py']
[0.865s] Level 1:colcon.colcon_core.package_identification:_identify(metrics_output/esperimento_01/accelerated_right/esperimento_01_unicycle/debug_audit) by extension 'python_setup_py'
[0.865s] Level 1:colcon.colcon_core.package_identification:_identify(metrics_output/esperimento_01/sine_right) by extensions ['ignore', 'ignore_ament_install']
[0.866s] Level 1:colcon.colcon_core.package_identification:_identify(metrics_output/esperimento_01/sine_right) by extension 'ignore'
[0.866s] Level 1:colcon.colcon_core.package_identification:_identify(metrics_output/esperimento_01/sine_right) by extension 'ignore_ament_install'
[0.866s] Level 1:colcon.colcon_core.package_identification:_identify(metrics_output/esperimento_01/sine_right) by extensions ['colcon_pkg']
[0.866s] Level 1:colcon.colcon_core.package_identification:_identify(metrics_output/esperimento_01/sine_right) by extension 'colcon_pkg'
[0.866s] Level 1:colcon.colcon_core.package_identification:_identify(metrics_output/esperimento_01/sine_right) by extensions ['colcon_meta']
[0.866s] Level 1:colcon.colcon_core.package_identification:_identify(metrics_output/esperimento_01/sine_right) by extension 'colcon_meta'
[0.866s] Level 1:colcon.colcon_core.package_identification:_identify(metrics_output/esperimento_01/sine_right) by extensions ['ros']
[0.866s] Level 1:colcon.colcon_core.package_identification:_identify(metrics_output/esperimento_01/sine_right) by extension 'ros'
[0.866s] Level 1:colcon.colcon_core.package_identification:_identify(metrics_output/esperimento_01/sine_right) by extensions ['cmake', 'python']
[0.866s] Level 1:colcon.colcon_core.package_identification:_identify(metrics_output/esperimento_01/sine_right) by extension 'cmake'
[0.866s] Level 1:colcon.colcon_core.package_identification:_identify(metrics_output/esperimento_01/sine_right) by extension 'python'
[0.866s] Level 1:colcon.colcon_core.package_identification:_identify(metrics_output/esperimento_01/sine_right) by extensions ['python_setup_py']
[0.866s] Level 1:colcon.colcon_core.package_identification:_identify(metrics_output/esperimento_01/sine_right) by extension 'python_setup_py'
[0.866s] Level 1:colcon.colcon_core.package_identification:_identify(metrics_output/esperimento_01/sine_right/compare) by extensions ['ignore', 'ignore_ament_install']
[0.866s] Level 1:colcon.colcon_core.package_identification:_identify(metrics_output/esperimento_01/sine_right/compare) by extension 'ignore'
[0.866s] Level 1:colcon.colcon_core.package_identification:_identify(metrics_output/esperimento_01/sine_right/compare) by extension 'ignore_ament_install'
[0.866s] Level 1:colcon.colcon_core.package_identification:_identify(metrics_output/esperimento_01/sine_right/compare) by extensions ['colcon_pkg']
[0.866s] Level 1:colcon.colcon_core.package_identification:_identify(metrics_output/esperimento_01/sine_right/compare) by extension 'colcon_pkg'
[0.866s] Level 1:colcon.colcon_core.package_identification:_identify(metrics_output/esperimento_01/sine_right/compare) by extensions ['colcon_meta']
[0.866s] Level 1:colcon.colcon_core.package_identification:_identify(metrics_output/esperimento_01/sine_right/compare) by extension 'colcon_meta'
[0.867s] Level 1:colcon.colcon_core.package_identification:_identify(metrics_output/esperimento_01/sine_right/compare) by extensions ['ros']
[0.867s] Level 1:colcon.colcon_core.package_identification:_identify(metrics_output/esperimento_01/sine_right/compare) by extension 'ros'
[0.867s] Level 1:colcon.colcon_core.package_identification:_identify(metrics_output/esperimento_01/sine_right/compare) by extensions ['cmake', 'python']
[0.867s] Level 1:colcon.colcon_core.package_identification:_identify(metrics_output/esperimento_01/sine_right/compare) by extension 'cmake'
[0.867s] Level 1:colcon.colcon_core.package_identification:_identify(metrics_output/esperimento_01/sine_right/compare) by extension 'python'
[0.867s] Level 1:colcon.colcon_core.package_identification:_identify(metrics_output/esperimento_01/sine_right/compare) by extensions ['python_setup_py']
[0.867s] Level 1:colcon.colcon_core.package_identification:_identify(metrics_output/esperimento_01/sine_right/compare) by extension 'python_setup_py'
[0.867s] Level 1:colcon.colcon_core.package_identification:_identify(metrics_output/esperimento_01/sine_right/esperimento_01_ackermann) by extensions ['ignore', 'ignore_ament_install']
[0.867s] Level 1:colcon.colcon_core.package_identification:_identify(metrics_output/esperimento_01/sine_right/esperimento_01_ackermann) by extension 'ignore'
[0.867s] Level 1:colcon.colcon_core.package_identification:_identify(metrics_output/esperimento_01/sine_right/esperimento_01_ackermann) by extension 'ignore_ament_install'
[0.867s] Level 1:colcon.colcon_core.package_identification:_identify(metrics_output/esperimento_01/sine_right/esperimento_01_ackermann) by extensions ['colcon_pkg']
[0.867s] Level 1:colcon.colcon_core.package_identification:_identify(metrics_output/esperimento_01/sine_right/esperimento_01_ackermann) by extension 'colcon_pkg'
[0.867s] Level 1:colcon.colcon_core.package_identification:_identify(metrics_output/esperimento_01/sine_right/esperimento_01_ackermann) by extensions ['colcon_meta']
[0.867s] Level 1:colcon.colcon_core.package_identification:_identify(metrics_output/esperimento_01/sine_right/esperimento_01_ackermann) by extension 'colcon_meta'
[0.867s] Level 1:colcon.colcon_core.package_identification:_identify(metrics_output/esperimento_01/sine_right/esperimento_01_ackermann) by extensions ['ros']
[0.867s] Level 1:colcon.colcon_core.package_identification:_identify(metrics_output/esperimento_01/sine_right/esperimento_01_ackermann) by extension 'ros'
[0.868s] Level 1:colcon.colcon_core.package_identification:_identify(metrics_output/esperimento_01/sine_right/esperimento_01_ackermann) by extensions ['cmake', 'python']
[0.868s] Level 1:colcon.colcon_core.package_identification:_identify(metrics_output/esperimento_01/sine_right/esperimento_01_ackermann) by extension 'cmake'
[0.868s] Level 1:colcon.colcon_core.package_identification:_identify(metrics_output/esperimento_01/sine_right/esperimento_01_ackermann) by extension 'python'
[0.868s] Level 1:colcon.colcon_core.package_identification:_identify(metrics_output/esperimento_01/sine_right/esperimento_01_ackermann) by extensions ['python_setup_py']
[0.868s] Level 1:colcon.colcon_core.package_identification:_identify(metrics_output/esperimento_01/sine_right/esperimento_01_ackermann) by extension 'python_setup_py'
[0.868s] Level 1:colcon.colcon_core.package_identification:_identify(metrics_output/esperimento_01/sine_right/esperimento_01_ackermann/debug_audit) by extensions ['ignore', 'ignore_ament_install']
[0.868s] Level 1:colcon.colcon_core.package_identification:_identify(metrics_output/esperimento_01/sine_right/esperimento_01_ackermann/debug_audit) by extension 'ignore'
[0.868s] Level 1:colcon.colcon_core.package_identification:_identify(metrics_output/esperimento_01/sine_right/esperimento_01_ackermann/debug_audit) by extension 'ignore_ament_install'
[0.868s] Level 1:colcon.colcon_core.package_identification:_identify(metrics_output/esperimento_01/sine_right/esperimento_01_ackermann/debug_audit) by extensions ['colcon_pkg']
[0.868s] Level 1:colcon.colcon_core.package_identification:_identify(metrics_output/esperimento_01/sine_right/esperimento_01_ackermann/debug_audit) by extension 'colcon_pkg'
[0.868s] Level 1:colcon.colcon_core.package_identification:_identify(metrics_output/esperimento_01/sine_right/esperimento_01_ackermann/debug_audit) by extensions ['colcon_meta']
[0.868s] Level 1:colcon.colcon_core.package_identification:_identify(metrics_output/esperimento_01/sine_right/esperimento_01_ackermann/debug_audit) by extension 'colcon_meta'
[0.868s] Level 1:colcon.colcon_core.package_identification:_identify(metrics_output/esperimento_01/sine_right/esperimento_01_ackermann/debug_audit) by extensions ['ros']
[0.868s] Level 1:colcon.colcon_core.package_identification:_identify(metrics_output/esperimento_01/sine_right/esperimento_01_ackermann/debug_audit) by extension 'ros'
[0.868s] Level 1:colcon.colcon_core.package_identification:_identify(metrics_output/esperimento_01/sine_right/esperimento_01_ackermann/debug_audit) by extensions ['cmake', 'python']
[0.868s] Level 1:colcon.colcon_core.package_identification:_identify(metrics_output/esperimento_01/sine_right/esperimento_01_ackermann/debug_audit) by extension 'cmake'
[0.868s] Level 1:colcon.colcon_core.package_identification:_identify(metrics_output/esperimento_01/sine_right/esperimento_01_ackermann/debug_audit) by extension 'python'
[0.868s] Level 1:colcon.colcon_core.package_identification:_identify(metrics_output/esperimento_01/sine_right/esperimento_01_ackermann/debug_audit) by extensions ['python_setup_py']
[0.868s] Level 1:colcon.colcon_core.package_identification:_identify(metrics_output/esperimento_01/sine_right/esperimento_01_ackermann/debug_audit) by extension 'python_setup_py'
[0.869s] Level 1:colcon.colcon_core.package_identification:_identify(metrics_output/esperimento_01/sine_right/esperimento_01_fusion) by extensions ['ignore', 'ignore_ament_install']
[0.869s] Level 1:colcon.colcon_core.package_identification:_identify(metrics_output/esperimento_01/sine_right/esperimento_01_fusion) by extension 'ignore'
[0.869s] Level 1:colcon.colcon_core.package_identification:_identify(metrics_output/esperimento_01/sine_right/esperimento_01_fusion) by extension 'ignore_ament_install'
[0.869s] Level 1:colcon.colcon_core.package_identification:_identify(metrics_output/esperimento_01/sine_right/esperimento_01_fusion) by extensions ['colcon_pkg']
[0.869s] Level 1:colcon.colcon_core.package_identification:_identify(metrics_output/esperimento_01/sine_right/esperimento_01_fusion) by extension 'colcon_pkg'
[0.869s] Level 1:colcon.colcon_core.package_identification:_identify(metrics_output/esperimento_01/sine_right/esperimento_01_fusion) by extensions ['colcon_meta']
[0.869s] Level 1:colcon.colcon_core.package_identification:_identify(metrics_output/esperimento_01/sine_right/esperimento_01_fusion) by extension 'colcon_meta'
[0.869s] Level 1:colcon.colcon_core.package_identification:_identify(metrics_output/esperimento_01/sine_right/esperimento_01_fusion) by extensions ['ros']
[0.869s] Level 1:colcon.colcon_core.package_identification:_identify(metrics_output/esperimento_01/sine_right/esperimento_01_fusion) by extension 'ros'
[0.869s] Level 1:colcon.colcon_core.package_identification:_identify(metrics_output/esperimento_01/sine_right/esperimento_01_fusion) by extensions ['cmake', 'python']
[0.869s] Level 1:colcon.colcon_core.package_identification:_identify(metrics_output/esperimento_01/sine_right/esperimento_01_fusion) by extension 'cmake'
[0.869s] Level 1:colcon.colcon_core.package_identification:_identify(metrics_output/esperimento_01/sine_right/esperimento_01_fusion) by extension 'python'
[0.870s] Level 1:colcon.colcon_core.package_identification:_identify(metrics_output/esperimento_01/sine_right/esperimento_01_fusion) by extensions ['python_setup_py']
[0.870s] Level 1:colcon.colcon_core.package_identification:_identify(metrics_output/esperimento_01/sine_right/esperimento_01_fusion) by extension 'python_setup_py'
[0.870s] Level 1:colcon.colcon_core.package_identification:_identify(metrics_output/esperimento_01/sine_right/esperimento_01_fusion/debug_audit) by extensions ['ignore', 'ignore_ament_install']
[0.870s] Level 1:colcon.colcon_core.package_identification:_identify(metrics_output/esperimento_01/sine_right/esperimento_01_fusion/debug_audit) by extension 'ignore'
[0.870s] Level 1:colcon.colcon_core.package_identification:_identify(metrics_output/esperimento_01/sine_right/esperimento_01_fusion/debug_audit) by extension 'ignore_ament_install'
[0.870s] Level 1:colcon.colcon_core.package_identification:_identify(metrics_output/esperimento_01/sine_right/esperimento_01_fusion/debug_audit) by extensions ['colcon_pkg']
[0.870s] Level 1:colcon.colcon_core.package_identification:_identify(metrics_output/esperimento_01/sine_right/esperimento_01_fusion/debug_audit) by extension 'colcon_pkg'
[0.870s] Level 1:colcon.colcon_core.package_identification:_identify(metrics_output/esperimento_01/sine_right/esperimento_01_fusion/debug_audit) by extensions ['colcon_meta']
[0.870s] Level 1:colcon.colcon_core.package_identification:_identify(metrics_output/esperimento_01/sine_right/esperimento_01_fusion/debug_audit) by extension 'colcon_meta'
[0.870s] Level 1:colcon.colcon_core.package_identification:_identify(metrics_output/esperimento_01/sine_right/esperimento_01_fusion/debug_audit) by extensions ['ros']
[0.870s] Level 1:colcon.colcon_core.package_identification:_identify(metrics_output/esperimento_01/sine_right/esperimento_01_fusion/debug_audit) by extension 'ros'
[0.870s] Level 1:colcon.colcon_core.package_identification:_identify(metrics_output/esperimento_01/sine_right/esperimento_01_fusion/debug_audit) by extensions ['cmake', 'python']
[0.870s] Level 1:colcon.colcon_core.package_identification:_identify(metrics_output/esperimento_01/sine_right/esperimento_01_fusion/debug_audit) by extension 'cmake'
[0.870s] Level 1:colcon.colcon_core.package_identification:_identify(metrics_output/esperimento_01/sine_right/esperimento_01_fusion/debug_audit) by extension 'python'
[0.870s] Level 1:colcon.colcon_core.package_identification:_identify(metrics_output/esperimento_01/sine_right/esperimento_01_fusion/debug_audit) by extensions ['python_setup_py']
[0.870s] Level 1:colcon.colcon_core.package_identification:_identify(metrics_output/esperimento_01/sine_right/esperimento_01_fusion/debug_audit) by extension 'python_setup_py'
[0.871s] Level 1:colcon.colcon_core.package_identification:_identify(metrics_output/esperimento_01/sine_right/esperimento_01_unicycle) by extensions ['ignore', 'ignore_ament_install']
[0.871s] Level 1:colcon.colcon_core.package_identification:_identify(metrics_output/esperimento_01/sine_right/esperimento_01_unicycle) by extension 'ignore'
[0.871s] Level 1:colcon.colcon_core.package_identification:_identify(metrics_output/esperimento_01/sine_right/esperimento_01_unicycle) by extension 'ignore_ament_install'
[0.871s] Level 1:colcon.colcon_core.package_identification:_identify(metrics_output/esperimento_01/sine_right/esperimento_01_unicycle) by extensions ['colcon_pkg']
[0.871s] Level 1:colcon.colcon_core.package_identification:_identify(metrics_output/esperimento_01/sine_right/esperimento_01_unicycle) by extension 'colcon_pkg'
[0.871s] Level 1:colcon.colcon_core.package_identification:_identify(metrics_output/esperimento_01/sine_right/esperimento_01_unicycle) by extensions ['colcon_meta']
[0.871s] Level 1:colcon.colcon_core.package_identification:_identify(metrics_output/esperimento_01/sine_right/esperimento_01_unicycle) by extension 'colcon_meta'
[0.871s] Level 1:colcon.colcon_core.package_identification:_identify(metrics_output/esperimento_01/sine_right/esperimento_01_unicycle) by extensions ['ros']
[0.871s] Level 1:colcon.colcon_core.package_identification:_identify(metrics_output/esperimento_01/sine_right/esperimento_01_unicycle) by extension 'ros'
[0.871s] Level 1:colcon.colcon_core.package_identification:_identify(metrics_output/esperimento_01/sine_right/esperimento_01_unicycle) by extensions ['cmake', 'python']
[0.871s] Level 1:colcon.colcon_core.package_identification:_identify(metrics_output/esperimento_01/sine_right/esperimento_01_unicycle) by extension 'cmake'
[0.871s] Level 1:colcon.colcon_core.package_identification:_identify(metrics_output/esperimento_01/sine_right/esperimento_01_unicycle) by extension 'python'
[0.871s] Level 1:colcon.colcon_core.package_identification:_identify(metrics_output/esperimento_01/sine_right/esperimento_01_unicycle) by extensions ['python_setup_py']
[0.871s] Level 1:colcon.colcon_core.package_identification:_identify(metrics_output/esperimento_01/sine_right/esperimento_01_unicycle) by extension 'python_setup_py'
[0.872s] Level 1:colcon.colcon_core.package_identification:_identify(metrics_output/esperimento_01/sine_right/esperimento_01_unicycle/debug_audit) by extensions ['ignore', 'ignore_ament_install']
[0.872s] Level 1:colcon.colcon_core.package_identification:_identify(metrics_output/esperimento_01/sine_right/esperimento_01_unicycle/debug_audit) by extension 'ignore'
[0.872s] Level 1:colcon.colcon_core.package_identification:_identify(metrics_output/esperimento_01/sine_right/esperimento_01_unicycle/debug_audit) by extension 'ignore_ament_install'
[0.872s] Level 1:colcon.colcon_core.package_identification:_identify(metrics_output/esperimento_01/sine_right/esperimento_01_unicycle/debug_audit) by extensions ['colcon_pkg']
[0.872s] Level 1:colcon.colcon_core.package_identification:_identify(metrics_output/esperimento_01/sine_right/esperimento_01_unicycle/debug_audit) by extension 'colcon_pkg'
[0.872s] Level 1:colcon.colcon_core.package_identification:_identify(metrics_output/esperimento_01/sine_right/esperimento_01_unicycle/debug_audit) by extensions ['colcon_meta']
[0.872s] Level 1:colcon.colcon_core.package_identification:_identify(metrics_output/esperimento_01/sine_right/esperimento_01_unicycle/debug_audit) by extension 'colcon_meta'
[0.872s] Level 1:colcon.colcon_core.package_identification:_identify(metrics_output/esperimento_01/sine_right/esperimento_01_unicycle/debug_audit) by extensions ['ros']
[0.872s] Level 1:colcon.colcon_core.package_identification:_identify(metrics_output/esperimento_01/sine_right/esperimento_01_unicycle/debug_audit) by extension 'ros'
[0.872s] Level 1:colcon.colcon_core.package_identification:_identify(metrics_output/esperimento_01/sine_right/esperimento_01_unicycle/debug_audit) by extensions ['cmake', 'python']
[0.872s] Level 1:colcon.colcon_core.package_identification:_identify(metrics_output/esperimento_01/sine_right/esperimento_01_unicycle/debug_audit) by extension 'cmake'
[0.872s] Level 1:colcon.colcon_core.package_identification:_identify(metrics_output/esperimento_01/sine_right/esperimento_01_unicycle/debug_audit) by extension 'python'
[0.872s] Level 1:colcon.colcon_core.package_identification:_identify(metrics_output/esperimento_01/sine_right/esperimento_01_unicycle/debug_audit) by extensions ['python_setup_py']
[0.872s] Level 1:colcon.colcon_core.package_identification:_identify(metrics_output/esperimento_01/sine_right/esperimento_01_unicycle/debug_audit) by extension 'python_setup_py'
[0.873s] Level 1:colcon.colcon_core.package_identification:_identify(metrics_output/esperimento_01/straight_right) by extensions ['ignore', 'ignore_ament_install']
[0.873s] Level 1:colcon.colcon_core.package_identification:_identify(metrics_output/esperimento_01/straight_right) by extension 'ignore'
[0.873s] Level 1:colcon.colcon_core.package_identification:_identify(metrics_output/esperimento_01/straight_right) by extension 'ignore_ament_install'
[0.873s] Level 1:colcon.colcon_core.package_identification:_identify(metrics_output/esperimento_01/straight_right) by extensions ['colcon_pkg']
[0.873s] Level 1:colcon.colcon_core.package_identification:_identify(metrics_output/esperimento_01/straight_right) by extension 'colcon_pkg'
[0.873s] Level 1:colcon.colcon_core.package_identification:_identify(metrics_output/esperimento_01/straight_right) by extensions ['colcon_meta']
[0.873s] Level 1:colcon.colcon_core.package_identification:_identify(metrics_output/esperimento_01/straight_right) by extension 'colcon_meta'
[0.873s] Level 1:colcon.colcon_core.package_identification:_identify(metrics_output/esperimento_01/straight_right) by extensions ['ros']
[0.873s] Level 1:colcon.colcon_core.package_identification:_identify(metrics_output/esperimento_01/straight_right) by extension 'ros'
[0.873s] Level 1:colcon.colcon_core.package_identification:_identify(metrics_output/esperimento_01/straight_right) by extensions ['cmake', 'python']
[0.873s] Level 1:colcon.colcon_core.package_identification:_identify(metrics_output/esperimento_01/straight_right) by extension 'cmake'
[0.873s] Level 1:colcon.colcon_core.package_identification:_identify(metrics_output/esperimento_01/straight_right) by extension 'python'
[0.873s] Level 1:colcon.colcon_core.package_identification:_identify(metrics_output/esperimento_01/straight_right) by extensions ['python_setup_py']
[0.873s] Level 1:colcon.colcon_core.package_identification:_identify(metrics_output/esperimento_01/straight_right) by extension 'python_setup_py'
[0.874s] Level 1:colcon.colcon_core.package_identification:_identify(metrics_output/esperimento_01/straight_right/compare) by extensions ['ignore', 'ignore_ament_install']
[0.874s] Level 1:colcon.colcon_core.package_identification:_identify(metrics_output/esperimento_01/straight_right/compare) by extension 'ignore'
[0.874s] Level 1:colcon.colcon_core.package_identification:_identify(metrics_output/esperimento_01/straight_right/compare) by extension 'ignore_ament_install'
[0.874s] Level 1:colcon.colcon_core.package_identification:_identify(metrics_output/esperimento_01/straight_right/compare) by extensions ['colcon_pkg']
[0.874s] Level 1:colcon.colcon_core.package_identification:_identify(metrics_output/esperimento_01/straight_right/compare) by extension 'colcon_pkg'
[0.874s] Level 1:colcon.colcon_core.package_identification:_identify(metrics_output/esperimento_01/straight_right/compare) by extensions ['colcon_meta']
[0.874s] Level 1:colcon.colcon_core.package_identification:_identify(metrics_output/esperimento_01/straight_right/compare) by extension 'colcon_meta'
[0.874s] Level 1:colcon.colcon_core.package_identification:_identify(metrics_output/esperimento_01/straight_right/compare) by extensions ['ros']
[0.874s] Level 1:colcon.colcon_core.package_identification:_identify(metrics_output/esperimento_01/straight_right/compare) by extension 'ros'
[0.874s] Level 1:colcon.colcon_core.package_identification:_identify(metrics_output/esperimento_01/straight_right/compare) by extensions ['cmake', 'python']
[0.874s] Level 1:colcon.colcon_core.package_identification:_identify(metrics_output/esperimento_01/straight_right/compare) by extension 'cmake'
[0.874s] Level 1:colcon.colcon_core.package_identification:_identify(metrics_output/esperimento_01/straight_right/compare) by extension 'python'
[0.874s] Level 1:colcon.colcon_core.package_identification:_identify(metrics_output/esperimento_01/straight_right/compare) by extensions ['python_setup_py']
[0.874s] Level 1:colcon.colcon_core.package_identification:_identify(metrics_output/esperimento_01/straight_right/compare) by extension 'python_setup_py'
[0.874s] Level 1:colcon.colcon_core.package_identification:_identify(metrics_output/esperimento_01/straight_right/esperimento_01_ackermann) by extensions ['ignore', 'ignore_ament_install']
[0.874s] Level 1:colcon.colcon_core.package_identification:_identify(metrics_output/esperimento_01/straight_right/esperimento_01_ackermann) by extension 'ignore'
[0.874s] Level 1:colcon.colcon_core.package_identification:_identify(metrics_output/esperimento_01/straight_right/esperimento_01_ackermann) by extension 'ignore_ament_install'
[0.875s] Level 1:colcon.colcon_core.package_identification:_identify(metrics_output/esperimento_01/straight_right/esperimento_01_ackermann) by extensions ['colcon_pkg']
[0.875s] Level 1:colcon.colcon_core.package_identification:_identify(metrics_output/esperimento_01/straight_right/esperimento_01_ackermann) by extension 'colcon_pkg'
[0.875s] Level 1:colcon.colcon_core.package_identification:_identify(metrics_output/esperimento_01/straight_right/esperimento_01_ackermann) by extensions ['colcon_meta']
[0.875s] Level 1:colcon.colcon_core.package_identification:_identify(metrics_output/esperimento_01/straight_right/esperimento_01_ackermann) by extension 'colcon_meta'
[0.875s] Level 1:colcon.colcon_core.package_identification:_identify(metrics_output/esperimento_01/straight_right/esperimento_01_ackermann) by extensions ['ros']
[0.875s] Level 1:colcon.colcon_core.package_identification:_identify(metrics_output/esperimento_01/straight_right/esperimento_01_ackermann) by extension 'ros'
[0.875s] Level 1:colcon.colcon_core.package_identification:_identify(metrics_output/esperimento_01/straight_right/esperimento_01_ackermann) by extensions ['cmake', 'python']
[0.875s] Level 1:colcon.colcon_core.package_identification:_identify(metrics_output/esperimento_01/straight_right/esperimento_01_ackermann) by extension 'cmake'
[0.875s] Level 1:colcon.colcon_core.package_identification:_identify(metrics_output/esperimento_01/straight_right/esperimento_01_ackermann) by extension 'python'
[0.875s] Level 1:colcon.colcon_core.package_identification:_identify(metrics_output/esperimento_01/straight_right/esperimento_01_ackermann) by extensions ['python_setup_py']
[0.875s] Level 1:colcon.colcon_core.package_identification:_identify(metrics_output/esperimento_01/straight_right/esperimento_01_ackermann) by extension 'python_setup_py'
[0.875s] Level 1:colcon.colcon_core.package_identification:_identify(metrics_output/esperimento_01/straight_right/esperimento_01_ackermann/debug_audit) by extensions ['ignore', 'ignore_ament_install']
[0.875s] Level 1:colcon.colcon_core.package_identification:_identify(metrics_output/esperimento_01/straight_right/esperimento_01_ackermann/debug_audit) by extension 'ignore'
[0.875s] Level 1:colcon.colcon_core.package_identification:_identify(metrics_output/esperimento_01/straight_right/esperimento_01_ackermann/debug_audit) by extension 'ignore_ament_install'
[0.875s] Level 1:colcon.colcon_core.package_identification:_identify(metrics_output/esperimento_01/straight_right/esperimento_01_ackermann/debug_audit) by extensions ['colcon_pkg']
[0.875s] Level 1:colcon.colcon_core.package_identification:_identify(metrics_output/esperimento_01/straight_right/esperimento_01_ackermann/debug_audit) by extension 'colcon_pkg'
[0.876s] Level 1:colcon.colcon_core.package_identification:_identify(metrics_output/esperimento_01/straight_right/esperimento_01_ackermann/debug_audit) by extensions ['colcon_meta']
[0.876s] Level 1:colcon.colcon_core.package_identification:_identify(metrics_output/esperimento_01/straight_right/esperimento_01_ackermann/debug_audit) by extension 'colcon_meta'
[0.876s] Level 1:colcon.colcon_core.package_identification:_identify(metrics_output/esperimento_01/straight_right/esperimento_01_ackermann/debug_audit) by extensions ['ros']
[0.876s] Level 1:colcon.colcon_core.package_identification:_identify(metrics_output/esperimento_01/straight_right/esperimento_01_ackermann/debug_audit) by extension 'ros'
[0.876s] Level 1:colcon.colcon_core.package_identification:_identify(metrics_output/esperimento_01/straight_right/esperimento_01_ackermann/debug_audit) by extensions ['cmake', 'python']
[0.876s] Level 1:colcon.colcon_core.package_identification:_identify(metrics_output/esperimento_01/straight_right/esperimento_01_ackermann/debug_audit) by extension 'cmake'
[0.876s] Level 1:colcon.colcon_core.package_identification:_identify(metrics_output/esperimento_01/straight_right/esperimento_01_ackermann/debug_audit) by extension 'python'
[0.876s] Level 1:colcon.colcon_core.package_identification:_identify(metrics_output/esperimento_01/straight_right/esperimento_01_ackermann/debug_audit) by extensions ['python_setup_py']
[0.876s] Level 1:colcon.colcon_core.package_identification:_identify(metrics_output/esperimento_01/straight_right/esperimento_01_ackermann/debug_audit) by extension 'python_setup_py'
[0.876s] Level 1:colcon.colcon_core.package_identification:_identify(metrics_output/esperimento_01/straight_right/esperimento_01_fusion) by extensions ['ignore', 'ignore_ament_install']
[0.876s] Level 1:colcon.colcon_core.package_identification:_identify(metrics_output/esperimento_01/straight_right/esperimento_01_fusion) by extension 'ignore'
[0.876s] Level 1:colcon.colcon_core.package_identification:_identify(metrics_output/esperimento_01/straight_right/esperimento_01_fusion) by extension 'ignore_ament_install'
[0.876s] Level 1:colcon.colcon_core.package_identification:_identify(metrics_output/esperimento_01/straight_right/esperimento_01_fusion) by extensions ['colcon_pkg']
[0.876s] Level 1:colcon.colcon_core.package_identification:_identify(metrics_output/esperimento_01/straight_right/esperimento_01_fusion) by extension 'colcon_pkg'
[0.876s] Level 1:colcon.colcon_core.package_identification:_identify(metrics_output/esperimento_01/straight_right/esperimento_01_fusion) by extensions ['colcon_meta']
[0.876s] Level 1:colcon.colcon_core.package_identification:_identify(metrics_output/esperimento_01/straight_right/esperimento_01_fusion) by extension 'colcon_meta'
[0.877s] Level 1:colcon.colcon_core.package_identification:_identify(metrics_output/esperimento_01/straight_right/esperimento_01_fusion) by extensions ['ros']
[0.877s] Level 1:colcon.colcon_core.package_identification:_identify(metrics_output/esperimento_01/straight_right/esperimento_01_fusion) by extension 'ros'
[0.877s] Level 1:colcon.colcon_core.package_identification:_identify(metrics_output/esperimento_01/straight_right/esperimento_01_fusion) by extensions ['cmake', 'python']
[0.877s] Level 1:colcon.colcon_core.package_identification:_identify(metrics_output/esperimento_01/straight_right/esperimento_01_fusion) by extension 'cmake'
[0.877s] Level 1:colcon.colcon_core.package_identification:_identify(metrics_output/esperimento_01/straight_right/esperimento_01_fusion) by extension 'python'
[0.877s] Level 1:colcon.colcon_core.package_identification:_identify(metrics_output/esperimento_01/straight_right/esperimento_01_fusion) by extensions ['python_setup_py']
[0.877s] Level 1:colcon.colcon_core.package_identification:_identify(metrics_output/esperimento_01/straight_right/esperimento_01_fusion) by extension 'python_setup_py'
[0.877s] Level 1:colcon.colcon_core.package_identification:_identify(metrics_output/esperimento_01/straight_right/esperimento_01_fusion/debug_audit) by extensions ['ignore', 'ignore_ament_install']
[0.877s] Level 1:colcon.colcon_core.package_identification:_identify(metrics_output/esperimento_01/straight_right/esperimento_01_fusion/debug_audit) by extension 'ignore'
[0.877s] Level 1:colcon.colcon_core.package_identification:_identify(metrics_output/esperimento_01/straight_right/esperimento_01_fusion/debug_audit) by extension 'ignore_ament_install'
[0.877s] Level 1:colcon.colcon_core.package_identification:_identify(metrics_output/esperimento_01/straight_right/esperimento_01_fusion/debug_audit) by extensions ['colcon_pkg']
[0.877s] Level 1:colcon.colcon_core.package_identification:_identify(metrics_output/esperimento_01/straight_right/esperimento_01_fusion/debug_audit) by extension 'colcon_pkg'
[0.877s] Level 1:colcon.colcon_core.package_identification:_identify(metrics_output/esperimento_01/straight_right/esperimento_01_fusion/debug_audit) by extensions ['colcon_meta']
[0.877s] Level 1:colcon.colcon_core.package_identification:_identify(metrics_output/esperimento_01/straight_right/esperimento_01_fusion/debug_audit) by extension 'colcon_meta'
[0.877s] Level 1:colcon.colcon_core.package_identification:_identify(metrics_output/esperimento_01/straight_right/esperimento_01_fusion/debug_audit) by extensions ['ros']
[0.877s] Level 1:colcon.colcon_core.package_identification:_identify(metrics_output/esperimento_01/straight_right/esperimento_01_fusion/debug_audit) by extension 'ros'
[0.878s] Level 1:colcon.colcon_core.package_identification:_identify(metrics_output/esperimento_01/straight_right/esperimento_01_fusion/debug_audit) by extensions ['cmake', 'python']
[0.878s] Level 1:colcon.colcon_core.package_identification:_identify(metrics_output/esperimento_01/straight_right/esperimento_01_fusion/debug_audit) by extension 'cmake'
[0.878s] Level 1:colcon.colcon_core.package_identification:_identify(metrics_output/esperimento_01/straight_right/esperimento_01_fusion/debug_audit) by extension 'python'
[0.878s] Level 1:colcon.colcon_core.package_identification:_identify(metrics_output/esperimento_01/straight_right/esperimento_01_fusion/debug_audit) by extensions ['python_setup_py']
[0.878s] Level 1:colcon.colcon_core.package_identification:_identify(metrics_output/esperimento_01/straight_right/esperimento_01_fusion/debug_audit) by extension 'python_setup_py'
[0.878s] Level 1:colcon.colcon_core.package_identification:_identify(metrics_output/esperimento_01/straight_right/esperimento_01_unicycle) by extensions ['ignore', 'ignore_ament_install']
[0.878s] Level 1:colcon.colcon_core.package_identification:_identify(metrics_output/esperimento_01/straight_right/esperimento_01_unicycle) by extension 'ignore'
[0.878s] Level 1:colcon.colcon_core.package_identification:_identify(metrics_output/esperimento_01/straight_right/esperimento_01_unicycle) by extension 'ignore_ament_install'
[0.878s] Level 1:colcon.colcon_core.package_identification:_identify(metrics_output/esperimento_01/straight_right/esperimento_01_unicycle) by extensions ['colcon_pkg']
[0.878s] Level 1:colcon.colcon_core.package_identification:_identify(metrics_output/esperimento_01/straight_right/esperimento_01_unicycle) by extension 'colcon_pkg'
[0.878s] Level 1:colcon.colcon_core.package_identification:_identify(metrics_output/esperimento_01/straight_right/esperimento_01_unicycle) by extensions ['colcon_meta']
[0.878s] Level 1:colcon.colcon_core.package_identification:_identify(metrics_output/esperimento_01/straight_right/esperimento_01_unicycle) by extension 'colcon_meta'
[0.878s] Level 1:colcon.colcon_core.package_identification:_identify(metrics_output/esperimento_01/straight_right/esperimento_01_unicycle) by extensions ['ros']
[0.878s] Level 1:colcon.colcon_core.package_identification:_identify(metrics_output/esperimento_01/straight_right/esperimento_01_unicycle) by extension 'ros'
[0.878s] Level 1:colcon.colcon_core.package_identification:_identify(metrics_output/esperimento_01/straight_right/esperimento_01_unicycle) by extensions ['cmake', 'python']
[0.878s] Level 1:colcon.colcon_core.package_identification:_identify(metrics_output/esperimento_01/straight_right/esperimento_01_unicycle) by extension 'cmake'
[0.878s] Level 1:colcon.colcon_core.package_identification:_identify(metrics_output/esperimento_01/straight_right/esperimento_01_unicycle) by extension 'python'
[0.878s] Level 1:colcon.colcon_core.package_identification:_identify(metrics_output/esperimento_01/straight_right/esperimento_01_unicycle) by extensions ['python_setup_py']
[0.878s] Level 1:colcon.colcon_core.package_identification:_identify(metrics_output/esperimento_01/straight_right/esperimento_01_unicycle) by extension 'python_setup_py'
[0.879s] Level 1:colcon.colcon_core.package_identification:_identify(metrics_output/esperimento_01/straight_right/esperimento_01_unicycle/debug_audit) by extensions ['ignore', 'ignore_ament_install']
[0.879s] Level 1:colcon.colcon_core.package_identification:_identify(metrics_output/esperimento_01/straight_right/esperimento_01_unicycle/debug_audit) by extension 'ignore'
[0.879s] Level 1:colcon.colcon_core.package_identification:_identify(metrics_output/esperimento_01/straight_right/esperimento_01_unicycle/debug_audit) by extension 'ignore_ament_install'
[0.879s] Level 1:colcon.colcon_core.package_identification:_identify(metrics_output/esperimento_01/straight_right/esperimento_01_unicycle/debug_audit) by extensions ['colcon_pkg']
[0.879s] Level 1:colcon.colcon_core.package_identification:_identify(metrics_output/esperimento_01/straight_right/esperimento_01_unicycle/debug_audit) by extension 'colcon_pkg'
[0.879s] Level 1:colcon.colcon_core.package_identification:_identify(metrics_output/esperimento_01/straight_right/esperimento_01_unicycle/debug_audit) by extensions ['colcon_meta']
[0.879s] Level 1:colcon.colcon_core.package_identification:_identify(metrics_output/esperimento_01/straight_right/esperimento_01_unicycle/debug_audit) by extension 'colcon_meta'
[0.879s] Level 1:colcon.colcon_core.package_identification:_identify(metrics_output/esperimento_01/straight_right/esperimento_01_unicycle/debug_audit) by extensions ['ros']
[0.879s] Level 1:colcon.colcon_core.package_identification:_identify(metrics_output/esperimento_01/straight_right/esperimento_01_unicycle/debug_audit) by extension 'ros'
[0.879s] Level 1:colcon.colcon_core.package_identification:_identify(metrics_output/esperimento_01/straight_right/esperimento_01_unicycle/debug_audit) by extensions ['cmake', 'python']
[0.879s] Level 1:colcon.colcon_core.package_identification:_identify(metrics_output/esperimento_01/straight_right/esperimento_01_unicycle/debug_audit) by extension 'cmake'
[0.879s] Level 1:colcon.colcon_core.package_identification:_identify(metrics_output/esperimento_01/straight_right/esperimento_01_unicycle/debug_audit) by extension 'python'
[0.879s] Level 1:colcon.colcon_core.package_identification:_identify(metrics_output/esperimento_01/straight_right/esperimento_01_unicycle/debug_audit) by extensions ['python_setup_py']
[0.879s] Level 1:colcon.colcon_core.package_identification:_identify(metrics_output/esperimento_01/straight_right/esperimento_01_unicycle/debug_audit) by extension 'python_setup_py'
[0.879s] Level 1:colcon.colcon_core.package_identification:_identify(src) by extensions ['ignore', 'ignore_ament_install']
[0.879s] Level 1:colcon.colcon_core.package_identification:_identify(src) by extension 'ignore'
[0.879s] Level 1:colcon.colcon_core.package_identification:_identify(src) by extension 'ignore_ament_install'
[0.880s] Level 1:colcon.colcon_core.package_identification:_identify(src) by extensions ['colcon_pkg']
[0.880s] Level 1:colcon.colcon_core.package_identification:_identify(src) by extension 'colcon_pkg'
[0.880s] Level 1:colcon.colcon_core.package_identification:_identify(src) by extensions ['colcon_meta']
[0.880s] Level 1:colcon.colcon_core.package_identification:_identify(src) by extension 'colcon_meta'
[0.880s] Level 1:colcon.colcon_core.package_identification:_identify(src) by extensions ['ros']
[0.880s] Level 1:colcon.colcon_core.package_identification:_identify(src) by extension 'ros'
[0.880s] Level 1:colcon.colcon_core.package_identification:_identify(src) by extensions ['cmake', 'python']
[0.880s] Level 1:colcon.colcon_core.package_identification:_identify(src) by extension 'cmake'
[0.880s] Level 1:colcon.colcon_core.package_identification:_identify(src) by extension 'python'
[0.880s] Level 1:colcon.colcon_core.package_identification:_identify(src) by extensions ['python_setup_py']
[0.880s] Level 1:colcon.colcon_core.package_identification:_identify(src) by extension 'python_setup_py'
[0.880s] Level 1:colcon.colcon_core.package_identification:_identify(src/ackermann_kf_tracker) by extensions ['ignore', 'ignore_ament_install']
[0.880s] Level 1:colcon.colcon_core.package_identification:_identify(src/ackermann_kf_tracker) by extension 'ignore'
[0.880s] Level 1:colcon.colcon_core.package_identification:_identify(src/ackermann_kf_tracker) by extension 'ignore_ament_install'
[0.880s] Level 1:colcon.colcon_core.package_identification:_identify(src/ackermann_kf_tracker) by extensions ['colcon_pkg']
[0.880s] Level 1:colcon.colcon_core.package_identification:_identify(src/ackermann_kf_tracker) by extension 'colcon_pkg'
[0.880s] Level 1:colcon.colcon_core.package_identification:_identify(src/ackermann_kf_tracker) by extensions ['colcon_meta']
[0.880s] Level 1:colcon.colcon_core.package_identification:_identify(src/ackermann_kf_tracker) by extension 'colcon_meta'
[0.880s] Level 1:colcon.colcon_core.package_identification:_identify(src/ackermann_kf_tracker) by extensions ['ros']
[0.880s] Level 1:colcon.colcon_core.package_identification:_identify(src/ackermann_kf_tracker) by extension 'ros'
[0.886s] DEBUG:colcon.colcon_core.package_identification:Package 'src/ackermann_kf_tracker' with type 'ros.ament_python' and name 'ackermann_kf_tracker'
[0.886s] Level 1:colcon.colcon_core.package_identification:_identify(src/build) by extensions ['ignore', 'ignore_ament_install']
[0.886s] Level 1:colcon.colcon_core.package_identification:_identify(src/build) by extension 'ignore'
[0.887s] Level 1:colcon.colcon_core.package_identification:_identify(src/build) ignored
[0.887s] Level 1:colcon.colcon_core.package_identification:_identify(src/depth_yolo_fusion) by extensions ['ignore', 'ignore_ament_install']
[0.887s] Level 1:colcon.colcon_core.package_identification:_identify(src/depth_yolo_fusion) by extension 'ignore'
[0.887s] Level 1:colcon.colcon_core.package_identification:_identify(src/depth_yolo_fusion) by extension 'ignore_ament_install'
[0.887s] Level 1:colcon.colcon_core.package_identification:_identify(src/depth_yolo_fusion) by extensions ['colcon_pkg']
[0.887s] Level 1:colcon.colcon_core.package_identification:_identify(src/depth_yolo_fusion) by extension 'colcon_pkg'
[0.887s] Level 1:colcon.colcon_core.package_identification:_identify(src/depth_yolo_fusion) by extensions ['colcon_meta']
[0.887s] Level 1:colcon.colcon_core.package_identification:_identify(src/depth_yolo_fusion) by extension 'colcon_meta'
[0.887s] Level 1:colcon.colcon_core.package_identification:_identify(src/depth_yolo_fusion) by extensions ['ros']
[0.887s] Level 1:colcon.colcon_core.package_identification:_identify(src/depth_yolo_fusion) by extension 'ros'
[0.888s] DEBUG:colcon.colcon_core.package_identification:Package 'src/depth_yolo_fusion' with type 'ros.ament_python' and name 'depth_yolo_fusion'
[0.889s] Level 1:colcon.colcon_core.package_identification:_identify(src/experiments) by extensions ['ignore', 'ignore_ament_install']
[0.889s] Level 1:colcon.colcon_core.package_identification:_identify(src/experiments) by extension 'ignore'
[0.889s] Level 1:colcon.colcon_core.package_identification:_identify(src/experiments) by extension 'ignore_ament_install'
[0.889s] Level 1:colcon.colcon_core.package_identification:_identify(src/experiments) by extensions ['colcon_pkg']
[0.889s] Level 1:colcon.colcon_core.package_identification:_identify(src/experiments) by extension 'colcon_pkg'
[0.889s] Level 1:colcon.colcon_core.package_identification:_identify(src/experiments) by extensions ['colcon_meta']
[0.889s] Level 1:colcon.colcon_core.package_identification:_identify(src/experiments) by extension 'colcon_meta'
[0.889s] Level 1:colcon.colcon_core.package_identification:_identify(src/experiments) by extensions ['ros']
[0.889s] Level 1:colcon.colcon_core.package_identification:_identify(src/experiments) by extension 'ros'
[0.890s] DEBUG:colcon.colcon_core.package_identification:Package 'src/experiments' with type 'ros.ament_python' and name 'experiments'
[0.890s] Level 1:colcon.colcon_core.package_identification:_identify(src/install) by extensions ['ignore', 'ignore_ament_install']
[0.890s] Level 1:colcon.colcon_core.package_identification:_identify(src/install) by extension 'ignore'
[0.890s] Level 1:colcon.colcon_core.package_identification:_identify(src/install) ignored
[0.891s] Level 1:colcon.colcon_core.package_identification:_identify(src/log) by extensions ['ignore', 'ignore_ament_install']
[0.891s] Level 1:colcon.colcon_core.package_identification:_identify(src/log) by extension 'ignore'
[0.891s] Level 1:colcon.colcon_core.package_identification:_identify(src/log) ignored
[0.891s] Level 1:colcon.colcon_core.package_identification:_identify(src/ros2_unreal_interface) by extensions ['ignore', 'ignore_ament_install']
[0.891s] Level 1:colcon.colcon_core.package_identification:_identify(src/ros2_unreal_interface) by extension 'ignore'
[0.891s] Level 1:colcon.colcon_core.package_identification:_identify(src/ros2_unreal_interface) by extension 'ignore_ament_install'
[0.891s] Level 1:colcon.colcon_core.package_identification:_identify(src/ros2_unreal_interface) by extensions ['colcon_pkg']
[0.891s] Level 1:colcon.colcon_core.package_identification:_identify(src/ros2_unreal_interface) by extension 'colcon_pkg'
[0.891s] Level 1:colcon.colcon_core.package_identification:_identify(src/ros2_unreal_interface) by extensions ['colcon_meta']
[0.891s] Level 1:colcon.colcon_core.package_identification:_identify(src/ros2_unreal_interface) by extension 'colcon_meta'
[0.891s] Level 1:colcon.colcon_core.package_identification:_identify(src/ros2_unreal_interface) by extensions ['ros']
[0.891s] Level 1:colcon.colcon_core.package_identification:_identify(src/ros2_unreal_interface) by extension 'ros'
[0.892s] DEBUG:colcon.colcon_core.package_identification:Failed to parse potential ROS package manifest in'src/ros2_unreal_interface': Error(s) in package 'src/ros2_unreal_interface/package.xml':
The manifest contains invalid XML:
no element found: line 1, column 0
[0.892s] Level 1:colcon.colcon_core.package_identification:_identify(src/ros2_unreal_interface) by extensions ['cmake', 'python']
[0.892s] Level 1:colcon.colcon_core.package_identification:_identify(src/ros2_unreal_interface) by extension 'cmake'
[0.892s] Level 1:colcon.colcon_core.package_identification:_identify(src/ros2_unreal_interface) by extension 'python'
[0.892s] DEBUG:colcon.colcon_core.package_identification:Python package in 'src/ros2_unreal_interface' passes arguments to the setup() function which requires a different identification extension than 'python'
[0.892s] Level 1:colcon.colcon_core.package_identification:_identify(src/ros2_unreal_interface) by extensions ['python_setup_py']
[0.892s] Level 1:colcon.colcon_core.package_identification:_identify(src/ros2_unreal_interface) by extension 'python_setup_py'
[1.189s] DEBUG:colcon.colcon_core.package_identification:Package 'src/ros2_unreal_interface' with type 'python' and name 'ros2_unreal_interface'
[1.189s] Level 1:colcon.colcon_core.package_identification:_identify(src/trajectory_metrics) by extensions ['ignore', 'ignore_ament_install']
[1.190s] Level 1:colcon.colcon_core.package_identification:_identify(src/trajectory_metrics) by extension 'ignore'
[1.190s] Level 1:colcon.colcon_core.package_identification:_identify(src/trajectory_metrics) by extension 'ignore_ament_install'
[1.190s] Level 1:colcon.colcon_core.package_identification:_identify(src/trajectory_metrics) by extensions ['colcon_pkg']
[1.190s] Level 1:colcon.colcon_core.package_identification:_identify(src/trajectory_metrics) by extension 'colcon_pkg'
[1.190s] Level 1:colcon.colcon_core.package_identification:_identify(src/trajectory_metrics) by extensions ['colcon_meta']
[1.190s] Level 1:colcon.colcon_core.package_identification:_identify(src/trajectory_metrics) by extension 'colcon_meta'
[1.190s] Level 1:colcon.colcon_core.package_identification:_identify(src/trajectory_metrics) by extensions ['ros']
[1.190s] Level 1:colcon.colcon_core.package_identification:_identify(src/trajectory_metrics) by extension 'ros'
[1.191s] DEBUG:colcon.colcon_core.package_identification:Package 'src/trajectory_metrics' with type 'ros.ament_python' and name 'trajectory_metrics'
[1.192s] Level 1:colcon.colcon_core.package_identification:_identify(src/unicycle_kf_tracker) by extensions ['ignore', 'ignore_ament_install']
[1.192s] Level 1:colcon.colcon_core.package_identification:_identify(src/unicycle_kf_tracker) by extension 'ignore'
[1.192s] Level 1:colcon.colcon_core.package_identification:_identify(src/unicycle_kf_tracker) by extension 'ignore_ament_install'
[1.192s] Level 1:colcon.colcon_core.package_identification:_identify(src/unicycle_kf_tracker) by extensions ['colcon_pkg']
[1.192s] Level 1:colcon.colcon_core.package_identification:_identify(src/unicycle_kf_tracker) by extension 'colcon_pkg'
[1.192s] Level 1:colcon.colcon_core.package_identification:_identify(src/unicycle_kf_tracker) by extensions ['colcon_meta']
[1.192s] Level 1:colcon.colcon_core.package_identification:_identify(src/unicycle_kf_tracker) by extension 'colcon_meta'
[1.192s] Level 1:colcon.colcon_core.package_identification:_identify(src/unicycle_kf_tracker) by extensions ['ros']
[1.192s] Level 1:colcon.colcon_core.package_identification:_identify(src/unicycle_kf_tracker) by extension 'ros'
[1.193s] DEBUG:colcon.colcon_core.package_identification:Package 'src/unicycle_kf_tracker' with type 'ros.ament_python' and name 'unicycle_kf_tracker'
[1.193s] Level 1:colcon.colcon_core.package_identification:_identify(src/yolo_detector) by extensions ['ignore', 'ignore_ament_install']
[1.194s] Level 1:colcon.colcon_core.package_identification:_identify(src/yolo_detector) by extension 'ignore'
[1.194s] Level 1:colcon.colcon_core.package_identification:_identify(src/yolo_detector) by extension 'ignore_ament_install'
[1.194s] Level 1:colcon.colcon_core.package_identification:_identify(src/yolo_detector) by extensions ['colcon_pkg']
[1.194s] Level 1:colcon.colcon_core.package_identification:_identify(src/yolo_detector) by extension 'colcon_pkg'
[1.194s] Level 1:colcon.colcon_core.package_identification:_identify(src/yolo_detector) by extensions ['colcon_meta']
[1.194s] Level 1:colcon.colcon_core.package_identification:_identify(src/yolo_detector) by extension 'colcon_meta'
[1.194s] Level 1:colcon.colcon_core.package_identification:_identify(src/yolo_detector) by extensions ['ros']
[1.194s] Level 1:colcon.colcon_core.package_identification:_identify(src/yolo_detector) by extension 'ros'
[1.195s] DEBUG:colcon.colcon_core.package_identification:Package 'src/yolo_detector' with type 'ros.ament_python' and name 'yolo_detector'
[1.195s] Level 1:colcon.colcon_core.package_identification:_identify(test_metrics) by extensions ['ignore', 'ignore_ament_install']
[1.195s] Level 1:colcon.colcon_core.package_identification:_identify(test_metrics) by extension 'ignore'
[1.195s] Level 1:colcon.colcon_core.package_identification:_identify(test_metrics) by extension 'ignore_ament_install'
[1.195s] Level 1:colcon.colcon_core.package_identification:_identify(test_metrics) by extensions ['colcon_pkg']
[1.195s] Level 1:colcon.colcon_core.package_identification:_identify(test_metrics) by extension 'colcon_pkg'
[1.195s] Level 1:colcon.colcon_core.package_identification:_identify(test_metrics) by extensions ['colcon_meta']
[1.195s] Level 1:colcon.colcon_core.package_identification:_identify(test_metrics) by extension 'colcon_meta'
[1.196s] Level 1:colcon.colcon_core.package_identification:_identify(test_metrics) by extensions ['ros']
[1.196s] Level 1:colcon.colcon_core.package_identification:_identify(test_metrics) by extension 'ros'
[1.196s] Level 1:colcon.colcon_core.package_identification:_identify(test_metrics) by extensions ['cmake', 'python']
[1.196s] Level 1:colcon.colcon_core.package_identification:_identify(test_metrics) by extension 'cmake'
[1.196s] Level 1:colcon.colcon_core.package_identification:_identify(test_metrics) by extension 'python'
[1.196s] Level 1:colcon.colcon_core.package_identification:_identify(test_metrics) by extensions ['python_setup_py']
[1.196s] Level 1:colcon.colcon_core.package_identification:_identify(test_metrics) by extension 'python_setup_py'
[1.196s] Level 1:colcon.colcon_core.package_discovery:discover_packages(recursive) using defaults
[1.196s] Level 1:colcon.colcon_core.package_discovery:discover_packages(ignore) discover
[1.196s] Level 1:colcon.colcon_core.package_discovery:discover_packages(ignore) using defaults
[1.196s] Level 1:colcon.colcon_core.package_discovery:discover_packages(path) discover
[1.196s] Level 1:colcon.colcon_core.package_discovery:discover_packages(path) using defaults
[1.240s] Level 1:colcon.colcon_core.package_discovery:discover_packages(prefix_path) check parameters
[1.240s] Level 1:colcon.colcon_core.package_discovery:discover_packages(prefix_path) discover
[1.242s] Level 1:colcon.colcon_core.package_discovery:discover_packages(prefix_path) using defaults
[1.245s] Level 5:colcon.colcon_core.verb:set package 'ackermann_kf_tracker' build argument 'cmake_args' from command line to 'None'
[1.245s] Level 5:colcon.colcon_core.verb:set package 'ackermann_kf_tracker' build argument 'cmake_target' from command line to 'None'
[1.245s] Level 5:colcon.colcon_core.verb:set package 'ackermann_kf_tracker' build argument 'cmake_target_skip_unavailable' from command line to 'False'
[1.245s] Level 5:colcon.colcon_core.verb:set package 'ackermann_kf_tracker' build argument 'cmake_clean_cache' from command line to 'False'
[1.245s] Level 5:colcon.colcon_core.verb:set package 'ackermann_kf_tracker' build argument 'cmake_clean_first' from command line to 'False'
[1.245s] Level 5:colcon.colcon_core.verb:set package 'ackermann_kf_tracker' build argument 'cmake_force_configure' from command line to 'False'
[1.245s] Level 5:colcon.colcon_core.verb:set package 'ackermann_kf_tracker' build argument 'ament_cmake_args' from command line to 'None'
[1.245s] Level 5:colcon.colcon_core.verb:set package 'ackermann_kf_tracker' build argument 'catkin_cmake_args' from command line to 'None'
[1.245s] Level 5:colcon.colcon_core.verb:set package 'ackermann_kf_tracker' build argument 'catkin_skip_building_tests' from command line to 'False'
[1.245s] DEBUG:colcon.colcon_core.verb:Building package 'ackermann_kf_tracker' with the following arguments: {'ament_cmake_args': None, 'build_base': '/home/isarlab/ros2_humble/build/ackermann_kf_tracker', 'catkin_cmake_args': None, 'catkin_skip_building_tests': False, 'cmake_args': None, 'cmake_clean_cache': False, 'cmake_clean_first': False, 'cmake_force_configure': False, 'cmake_target': None, 'cmake_target_skip_unavailable': False, 'install_base': '/home/isarlab/ros2_humble/install/ackermann_kf_tracker', 'merge_install': False, 'path': '/home/isarlab/ros2_humble/src/ackermann_kf_tracker', 'symlink_install': True, 'test_result_base': None}
[1.245s] Level 5:colcon.colcon_core.verb:set package 'depth_yolo_fusion' build argument 'cmake_args' from command line to 'None'
[1.245s] Level 5:colcon.colcon_core.verb:set package 'depth_yolo_fusion' build argument 'cmake_target' from command line to 'None'
[1.245s] Level 5:colcon.colcon_core.verb:set package 'depth_yolo_fusion' build argument 'cmake_target_skip_unavailable' from command line to 'False'
[1.245s] Level 5:colcon.colcon_core.verb:set package 'depth_yolo_fusion' build argument 'cmake_clean_cache' from command line to 'False'
[1.246s] Level 5:colcon.colcon_core.verb:set package 'depth_yolo_fusion' build argument 'cmake_clean_first' from command line to 'False'
[1.246s] Level 5:colcon.colcon_core.verb:set package 'depth_yolo_fusion' build argument 'cmake_force_configure' from command line to 'False'
[1.246s] Level 5:colcon.colcon_core.verb:set package 'depth_yolo_fusion' build argument 'ament_cmake_args' from command line to 'None'
[1.246s] Level 5:colcon.colcon_core.verb:set package 'depth_yolo_fusion' build argument 'catkin_cmake_args' from command line to 'None'
[1.246s] Level 5:colcon.colcon_core.verb:set package 'depth_yolo_fusion' build argument 'catkin_skip_building_tests' from command line to 'False'
[1.246s] DEBUG:colcon.colcon_core.verb:Building package 'depth_yolo_fusion' with the following arguments: {'ament_cmake_args': None, 'build_base': '/home/isarlab/ros2_humble/build/depth_yolo_fusion', 'catkin_cmake_args': None, 'catkin_skip_building_tests': False, 'cmake_args': None, 'cmake_clean_cache': False, 'cmake_clean_first': False, 'cmake_force_configure': False, 'cmake_target': None, 'cmake_target_skip_unavailable': False, 'install_base': '/home/isarlab/ros2_humble/install/depth_yolo_fusion', 'merge_install': False, 'path': '/home/isarlab/ros2_humble/src/depth_yolo_fusion', 'symlink_install': True, 'test_result_base': None}
[1.246s] Level 5:colcon.colcon_core.verb:set package 'ros2_unreal_interface' build argument 'cmake_args' from command line to 'None'
[1.246s] Level 5:colcon.colcon_core.verb:set package 'ros2_unreal_interface' build argument 'cmake_target' from command line to 'None'
[1.246s] Level 5:colcon.colcon_core.verb:set package 'ros2_unreal_interface' build argument 'cmake_target_skip_unavailable' from command line to 'False'
[1.246s] Level 5:colcon.colcon_core.verb:set package 'ros2_unreal_interface' build argument 'cmake_clean_cache' from command line to 'False'
[1.246s] Level 5:colcon.colcon_core.verb:set package 'ros2_unreal_interface' build argument 'cmake_clean_first' from command line to 'False'
[1.246s] Level 5:colcon.colcon_core.verb:set package 'ros2_unreal_interface' build argument 'cmake_force_configure' from command line to 'False'
[1.246s] Level 5:colcon.colcon_core.verb:set package 'ros2_unreal_interface' build argument 'ament_cmake_args' from command line to 'None'
[1.246s] Level 5:colcon.colcon_core.verb:set package 'ros2_unreal_interface' build argument 'catkin_cmake_args' from command line to 'None'
[1.246s] Level 5:colcon.colcon_core.verb:set package 'ros2_unreal_interface' build argument 'catkin_skip_building_tests' from command line to 'False'
[1.246s] DEBUG:colcon.colcon_core.verb:Building package 'ros2_unreal_interface' with the following arguments: {'ament_cmake_args': None, 'build_base': '/home/isarlab/ros2_humble/build/ros2_unreal_interface', 'catkin_cmake_args': None, 'catkin_skip_building_tests': False, 'cmake_args': None, 'cmake_clean_cache': False, 'cmake_clean_first': False, 'cmake_force_configure': False, 'cmake_target': None, 'cmake_target_skip_unavailable': False, 'install_base': '/home/isarlab/ros2_humble/install/ros2_unreal_interface', 'merge_install': False, 'path': '/home/isarlab/ros2_humble/src/ros2_unreal_interface', 'symlink_install': True, 'test_result_base': None}
[1.247s] Level 5:colcon.colcon_core.verb:set package 'trajectory_metrics' build argument 'cmake_args' from command line to 'None'
[1.247s] Level 5:colcon.colcon_core.verb:set package 'trajectory_metrics' build argument 'cmake_target' from command line to 'None'
[1.247s] Level 5:colcon.colcon_core.verb:set package 'trajectory_metrics' build argument 'cmake_target_skip_unavailable' from command line to 'False'
[1.247s] Level 5:colcon.colcon_core.verb:set package 'trajectory_metrics' build argument 'cmake_clean_cache' from command line to 'False'
[1.247s] Level 5:colcon.colcon_core.verb:set package 'trajectory_metrics' build argument 'cmake_clean_first' from command line to 'False'
[1.247s] Level 5:colcon.colcon_core.verb:set package 'trajectory_metrics' build argument 'cmake_force_configure' from command line to 'False'
[1.247s] Level 5:colcon.colcon_core.verb:set package 'trajectory_metrics' build argument 'ament_cmake_args' from command line to 'None'
[1.247s] Level 5:colcon.colcon_core.verb:set package 'trajectory_metrics' build argument 'catkin_cmake_args' from command line to 'None'
[1.247s] Level 5:colcon.colcon_core.verb:set package 'trajectory_metrics' build argument 'catkin_skip_building_tests' from command line to 'False'
[1.247s] DEBUG:colcon.colcon_core.verb:Building package 'trajectory_metrics' with the following arguments: {'ament_cmake_args': None, 'build_base': '/home/isarlab/ros2_humble/build/trajectory_metrics', 'catkin_cmake_args': None, 'catkin_skip_building_tests': False, 'cmake_args': None, 'cmake_clean_cache': False, 'cmake_clean_first': False, 'cmake_force_configure': False, 'cmake_target': None, 'cmake_target_skip_unavailable': False, 'install_base': '/home/isarlab/ros2_humble/install/trajectory_metrics', 'merge_install': False, 'path': '/home/isarlab/ros2_humble/src/trajectory_metrics', 'symlink_install': True, 'test_result_base': None}
[1.247s] Level 5:colcon.colcon_core.verb:set package 'unicycle_kf_tracker' build argument 'cmake_args' from command line to 'None'
[1.247s] Level 5:colcon.colcon_core.verb:set package 'unicycle_kf_tracker' build argument 'cmake_target' from command line to 'None'
[1.247s] Level 5:colcon.colcon_core.verb:set package 'unicycle_kf_tracker' build argument 'cmake_target_skip_unavailable' from command line to 'False'
[1.247s] Level 5:colcon.colcon_core.verb:set package 'unicycle_kf_tracker' build argument 'cmake_clean_cache' from command line to 'False'
[1.247s] Level 5:colcon.colcon_core.verb:set package 'unicycle_kf_tracker' build argument 'cmake_clean_first' from command line to 'False'
[1.247s] Level 5:colcon.colcon_core.verb:set package 'unicycle_kf_tracker' build argument 'cmake_force_configure' from command line to 'False'
[1.247s] Level 5:colcon.colcon_core.verb:set package 'unicycle_kf_tracker' build argument 'ament_cmake_args' from command line to 'None'
[1.247s] Level 5:colcon.colcon_core.verb:set package 'unicycle_kf_tracker' build argument 'catkin_cmake_args' from command line to 'None'
[1.247s] Level 5:colcon.colcon_core.verb:set package 'unicycle_kf_tracker' build argument 'catkin_skip_building_tests' from command line to 'False'
[1.247s] DEBUG:colcon.colcon_core.verb:Building package 'unicycle_kf_tracker' with the following arguments: {'ament_cmake_args': None, 'build_base': '/home/isarlab/ros2_humble/build/unicycle_kf_tracker', 'catkin_cmake_args': None, 'catkin_skip_building_tests': False, 'cmake_args': None, 'cmake_clean_cache': False, 'cmake_clean_first': False, 'cmake_force_configure': False, 'cmake_target': None, 'cmake_target_skip_unavailable': False, 'install_base': '/home/isarlab/ros2_humble/install/unicycle_kf_tracker', 'merge_install': False, 'path': '/home/isarlab/ros2_humble/src/unicycle_kf_tracker', 'symlink_install': True, 'test_result_base': None}
[1.248s] Level 5:colcon.colcon_core.verb:set package 'yolo_detector' build argument 'cmake_args' from command line to 'None'
[1.248s] Level 5:colcon.colcon_core.verb:set package 'yolo_detector' build argument 'cmake_target' from command line to 'None'
[1.248s] Level 5:colcon.colcon_core.verb:set package 'yolo_detector' build argument 'cmake_target_skip_unavailable' from command line to 'False'
[1.248s] Level 5:colcon.colcon_core.verb:set package 'yolo_detector' build argument 'cmake_clean_cache' from command line to 'False'
[1.248s] Level 5:colcon.colcon_core.verb:set package 'yolo_detector' build argument 'cmake_clean_first' from command line to 'False'
[1.248s] Level 5:colcon.colcon_core.verb:set package 'yolo_detector' build argument 'cmake_force_configure' from command line to 'False'
[1.248s] Level 5:colcon.colcon_core.verb:set package 'yolo_detector' build argument 'ament_cmake_args' from command line to 'None'
[1.248s] Level 5:colcon.colcon_core.verb:set package 'yolo_detector' build argument 'catkin_cmake_args' from command line to 'None'
[1.248s] Level 5:colcon.colcon_core.verb:set package 'yolo_detector' build argument 'catkin_skip_building_tests' from command line to 'False'
[1.248s] DEBUG:colcon.colcon_core.verb:Building package 'yolo_detector' with the following arguments: {'ament_cmake_args': None, 'build_base': '/home/isarlab/ros2_humble/build/yolo_detector', 'catkin_cmake_args': None, 'catkin_skip_building_tests': False, 'cmake_args': None, 'cmake_clean_cache': False, 'cmake_clean_first': False, 'cmake_force_configure': False, 'cmake_target': None, 'cmake_target_skip_unavailable': False, 'install_base': '/home/isarlab/ros2_humble/install/yolo_detector', 'merge_install': False, 'path': '/home/isarlab/ros2_humble/src/yolo_detector', 'symlink_install': True, 'test_result_base': None}
[1.248s] Level 5:colcon.colcon_core.verb:set package 'experiments' build argument 'cmake_args' from command line to 'None'
[1.248s] Level 5:colcon.colcon_core.verb:set package 'experiments' build argument 'cmake_target' from command line to 'None'
[1.248s] Level 5:colcon.colcon_core.verb:set package 'experiments' build argument 'cmake_target_skip_unavailable' from command line to 'False'
[1.248s] Level 5:colcon.colcon_core.verb:set package 'experiments' build argument 'cmake_clean_cache' from command line to 'False'
[1.248s] Level 5:colcon.colcon_core.verb:set package 'experiments' build argument 'cmake_clean_first' from command line to 'False'
[1.248s] Level 5:colcon.colcon_core.verb:set package 'experiments' build argument 'cmake_force_configure' from command line to 'False'
[1.248s] Level 5:colcon.colcon_core.verb:set package 'experiments' build argument 'ament_cmake_args' from command line to 'None'
[1.248s] Level 5:colcon.colcon_core.verb:set package 'experiments' build argument 'catkin_cmake_args' from command line to 'None'
[1.248s] Level 5:colcon.colcon_core.verb:set package 'experiments' build argument 'catkin_skip_building_tests' from command line to 'False'
[1.248s] DEBUG:colcon.colcon_core.verb:Building package 'experiments' with the following arguments: {'ament_cmake_args': None, 'build_base': '/home/isarlab/ros2_humble/build/experiments', 'catkin_cmake_args': None, 'catkin_skip_building_tests': False, 'cmake_args': None, 'cmake_clean_cache': False, 'cmake_clean_first': False, 'cmake_force_configure': False, 'cmake_target': None, 'cmake_target_skip_unavailable': False, 'install_base': '/home/isarlab/ros2_humble/install/experiments', 'merge_install': False, 'path': '/home/isarlab/ros2_humble/src/experiments', 'symlink_install': True, 'test_result_base': None}
[1.249s] INFO:colcon.colcon_core.executor:Executing jobs using 'parallel' executor
[1.250s] DEBUG:colcon.colcon_parallel_executor.executor.parallel:run_until_complete
[1.251s] INFO:colcon.colcon_ros.task.ament_python.build:Building ROS package in '/home/isarlab/ros2_humble/src/ackermann_kf_tracker' with build type 'ament_python'
[1.251s] Level 1:colcon.colcon_core.shell:create_environment_hook('ackermann_kf_tracker', 'ament_prefix_path')
[1.258s] INFO:colcon.colcon_core.plugin_system:Skipping extension 'colcon_core.shell.bat': Not used on non-Windows systems
[1.258s] INFO:colcon.colcon_core.shell:Creating environment hook '/home/isarlab/ros2_humble/install/ackermann_kf_tracker/share/ackermann_kf_tracker/hook/ament_prefix_path.ps1'
[1.262s] INFO:colcon.colcon_core.shell:Creating environment descriptor '/home/isarlab/ros2_humble/install/ackermann_kf_tracker/share/ackermann_kf_tracker/hook/ament_prefix_path.dsv'
[1.263s] INFO:colcon.colcon_core.shell:Creating environment hook '/home/isarlab/ros2_humble/install/ackermann_kf_tracker/share/ackermann_kf_tracker/hook/ament_prefix_path.sh'
[1.265s] INFO:colcon.colcon_core.shell:Skip shell extension 'powershell' for command environment: Not usable outside of PowerShell
[1.266s] DEBUG:colcon.colcon_core.shell:Skip shell extension 'dsv' for command environment
[1.268s] INFO:colcon.colcon_ros.task.ament_python.build:Building ROS package in '/home/isarlab/ros2_humble/src/depth_yolo_fusion' with build type 'ament_python'
[1.269s] Level 1:colcon.colcon_core.shell:create_environment_hook('depth_yolo_fusion', 'ament_prefix_path')
[1.269s] INFO:colcon.colcon_core.shell:Creating environment hook '/home/isarlab/ros2_humble/install/depth_yolo_fusion/share/depth_yolo_fusion/hook/ament_prefix_path.ps1'
[1.271s] INFO:colcon.colcon_core.shell:Creating environment descriptor '/home/isarlab/ros2_humble/install/depth_yolo_fusion/share/depth_yolo_fusion/hook/ament_prefix_path.dsv'
[1.272s] INFO:colcon.colcon_core.shell:Creating environment hook '/home/isarlab/ros2_humble/install/depth_yolo_fusion/share/depth_yolo_fusion/hook/ament_prefix_path.sh'
[1.273s] INFO:colcon.colcon_core.shell:Skip shell extension 'powershell' for command environment: Not usable outside of PowerShell
[1.273s] DEBUG:colcon.colcon_core.shell:Skip shell extension 'dsv' for command environment
[1.274s] INFO:colcon.colcon_ros.task.ament_python.build:Building ROS package in '/home/isarlab/ros2_humble/src/unicycle_kf_tracker' with build type 'ament_python'
[1.274s] Level 1:colcon.colcon_core.shell:create_environment_hook('unicycle_kf_tracker', 'ament_prefix_path')
[1.275s] INFO:colcon.colcon_core.shell:Creating environment hook '/home/isarlab/ros2_humble/install/unicycle_kf_tracker/share/unicycle_kf_tracker/hook/ament_prefix_path.ps1'
[1.277s] INFO:colcon.colcon_core.shell:Creating environment descriptor '/home/isarlab/ros2_humble/install/unicycle_kf_tracker/share/unicycle_kf_tracker/hook/ament_prefix_path.dsv'
[1.277s] INFO:colcon.colcon_core.shell:Creating environment hook '/home/isarlab/ros2_humble/install/unicycle_kf_tracker/share/unicycle_kf_tracker/hook/ament_prefix_path.sh'
[1.278s] INFO:colcon.colcon_core.shell:Skip shell extension 'powershell' for command environment: Not usable outside of PowerShell
[1.278s] DEBUG:colcon.colcon_core.shell:Skip shell extension 'dsv' for command environment
[1.280s] INFO:colcon.colcon_ros.task.ament_python.build:Building ROS package in '/home/isarlab/ros2_humble/src/yolo_detector' with build type 'ament_python'
[1.280s] Level 1:colcon.colcon_core.shell:create_environment_hook('yolo_detector', 'ament_prefix_path')
[1.280s] INFO:colcon.colcon_core.shell:Creating environment hook '/home/isarlab/ros2_humble/install/yolo_detector/share/yolo_detector/hook/ament_prefix_path.ps1'
[1.282s] INFO:colcon.colcon_core.shell:Creating environment descriptor '/home/isarlab/ros2_humble/install/yolo_detector/share/yolo_detector/hook/ament_prefix_path.dsv'
[1.283s] INFO:colcon.colcon_core.shell:Creating environment hook '/home/isarlab/ros2_humble/install/yolo_detector/share/yolo_detector/hook/ament_prefix_path.sh'
[1.283s] INFO:colcon.colcon_core.shell:Skip shell extension 'powershell' for command environment: Not usable outside of PowerShell
[1.283s] DEBUG:colcon.colcon_core.shell:Skip shell extension 'dsv' for command environment
[1.285s] INFO:colcon.colcon_core.task.python.build:Building Python package in '/home/isarlab/ros2_humble/src/ros2_unreal_interface'
[1.286s] INFO:colcon.colcon_core.shell:Skip shell extension 'powershell' for command environment: Not usable outside of PowerShell
[1.286s] DEBUG:colcon.colcon_core.shell:Skip shell extension 'dsv' for command environment
[1.289s] INFO:colcon.colcon_ros.task.ament_python.build:Building ROS package in '/home/isarlab/ros2_humble/src/trajectory_metrics' with build type 'ament_python'
[1.290s] Level 1:colcon.colcon_core.shell:create_environment_hook('trajectory_metrics', 'ament_prefix_path')
[1.290s] INFO:colcon.colcon_core.shell:Creating environment hook '/home/isarlab/ros2_humble/install/trajectory_metrics/share/trajectory_metrics/hook/ament_prefix_path.ps1'
[1.292s] INFO:colcon.colcon_core.shell:Creating environment descriptor '/home/isarlab/ros2_humble/install/trajectory_metrics/share/trajectory_metrics/hook/ament_prefix_path.dsv'
[1.293s] INFO:colcon.colcon_core.shell:Creating environment hook '/home/isarlab/ros2_humble/install/trajectory_metrics/share/trajectory_metrics/hook/ament_prefix_path.sh'
[1.294s] INFO:colcon.colcon_core.shell:Skip shell extension 'powershell' for command environment: Not usable outside of PowerShell
[1.294s] DEBUG:colcon.colcon_core.shell:Skip shell extension 'dsv' for command environment
[1.604s] INFO:colcon.colcon_core.task.python.build:Building Python package in '/home/isarlab/ros2_humble/src/ackermann_kf_tracker'
[1.604s] INFO:colcon.colcon_core.shell:Skip shell extension 'powershell' for command environment: Not usable outside of PowerShell
[1.604s] DEBUG:colcon.colcon_core.shell:Skip shell extension 'dsv' for command environment
[1.907s] INFO:colcon.colcon_core.task.python.build:Building Python package in '/home/isarlab/ros2_humble/src/depth_yolo_fusion'
[1.907s] INFO:colcon.colcon_core.shell:Skip shell extension 'powershell' for command environment: Not usable outside of PowerShell
[1.907s] DEBUG:colcon.colcon_core.shell:Skip shell extension 'dsv' for command environment
[2.206s] INFO:colcon.colcon_core.task.python.build:Building Python package in '/home/isarlab/ros2_humble/src/unicycle_kf_tracker'
[2.206s] INFO:colcon.colcon_core.shell:Skip shell extension 'powershell' for command environment: Not usable outside of PowerShell
[2.206s] DEBUG:colcon.colcon_core.shell:Skip shell extension 'dsv' for command environment
[2.509s] INFO:colcon.colcon_core.task.python.build:Building Python package in '/home/isarlab/ros2_humble/src/yolo_detector'
[2.510s] INFO:colcon.colcon_core.shell:Skip shell extension 'powershell' for command environment: Not usable outside of PowerShell
[2.510s] DEBUG:colcon.colcon_core.shell:Skip shell extension 'dsv' for command environment
[3.144s] INFO:colcon.colcon_core.task.python.build:Building Python package in '/home/isarlab/ros2_humble/src/trajectory_metrics'
[3.145s] INFO:colcon.colcon_core.shell:Skip shell extension 'powershell' for command environment: Not usable outside of PowerShell
[3.145s] DEBUG:colcon.colcon_core.shell:Skip shell extension 'dsv' for command environment
[3.379s] DEBUG:colcon.colcon_core.event_handler.log_command:Invoking command in '/home/isarlab/ros2_humble/build/ros2_unreal_interface': PYTHONPATH=/home/isarlab/ros2_humble/build/ros2_unreal_interface/prefix_override:/usr/lib/python3/dist-packages/colcon_core/task/python/colcon_distutils_commands:/home/isarlab/ros2_humble/install/ros2_unreal_interface/lib/python3.10/site-packages:${PYTHONPATH} /usr/bin/python3 -W ignore:setup.py install is deprecated -W ignore:easy_install command is deprecated setup.py develop --editable --build-directory /home/isarlab/ros2_humble/build/ros2_unreal_interface/build --no-deps symlink_data
[3.710s] DEBUG:colcon.colcon_core.event_handler.log_command:Invoking command in '/home/isarlab/ros2_humble/build/ackermann_kf_tracker': PYTHONPATH=/home/isarlab/ros2_humble/build/ackermann_kf_tracker/prefix_override:/usr/lib/python3/dist-packages/colcon_core/task/python/colcon_distutils_commands:/home/isarlab/ros2_humble/install/ackermann_kf_tracker/lib/python3.10/site-packages:${PYTHONPATH} /usr/bin/python3 -W ignore:setup.py install is deprecated -W ignore:easy_install command is deprecated setup.py develop --editable --build-directory /home/isarlab/ros2_humble/build/ackermann_kf_tracker/build --no-deps symlink_data
[3.719s] DEBUG:colcon.colcon_core.event_handler.log_command:Invoking command in '/home/isarlab/ros2_humble/build/depth_yolo_fusion': PYTHONPATH=/home/isarlab/ros2_humble/build/depth_yolo_fusion/prefix_override:/usr/lib/python3/dist-packages/colcon_core/task/python/colcon_distutils_commands:/home/isarlab/ros2_humble/install/depth_yolo_fusion/lib/python3.10/site-packages:${PYTHONPATH} /usr/bin/python3 -W ignore:setup.py install is deprecated -W ignore:easy_install command is deprecated setup.py develop --editable --build-directory /home/isarlab/ros2_humble/build/depth_yolo_fusion/build --no-deps symlink_data
[3.726s] DEBUG:colcon.colcon_core.event_handler.log_command:Invoking command in '/home/isarlab/ros2_humble/build/unicycle_kf_tracker': PYTHONPATH=/home/isarlab/ros2_humble/build/unicycle_kf_tracker/prefix_override:/usr/lib/python3/dist-packages/colcon_core/task/python/colcon_distutils_commands:/home/isarlab/ros2_humble/install/unicycle_kf_tracker/lib/python3.10/site-packages:${PYTHONPATH} /usr/bin/python3 -W ignore:setup.py install is deprecated -W ignore:easy_install command is deprecated setup.py develop --editable --build-directory /home/isarlab/ros2_humble/build/unicycle_kf_tracker/build --no-deps symlink_data
[3.736s] DEBUG:colcon.colcon_core.event_handler.log_command:Invoking command in '/home/isarlab/ros2_humble/build/yolo_detector': PYTHONPATH=/home/isarlab/ros2_humble/build/yolo_detector/prefix_override:/usr/lib/python3/dist-packages/colcon_core/task/python/colcon_distutils_commands:/home/isarlab/ros2_humble/install/yolo_detector/lib/python3.10/site-packages:${PYTHONPATH} /usr/bin/python3 -W ignore:setup.py install is deprecated -W ignore:easy_install command is deprecated setup.py develop --editable --build-directory /home/isarlab/ros2_humble/build/yolo_detector/build --no-deps symlink_data
[3.744s] DEBUG:colcon.colcon_core.event_handler.log_command:Invoking command in '/home/isarlab/ros2_humble/build/trajectory_metrics': PYTHONPATH=/home/isarlab/ros2_humble/build/trajectory_metrics/prefix_override:/usr/lib/python3/dist-packages/colcon_core/task/python/colcon_distutils_commands:/home/isarlab/ros2_humble/install/trajectory_metrics/lib/python3.10/site-packages:${PYTHONPATH} /usr/bin/python3 -W ignore:setup.py install is deprecated -W ignore:easy_install command is deprecated setup.py develop --editable --build-directory /home/isarlab/ros2_humble/build/trajectory_metrics/build --no-deps symlink_data
[4.064s] Level 1:colcon.colcon_core.shell:create_environment_hook('ros2_unreal_interface', 'pythonpath_develop')
[4.064s] INFO:colcon.colcon_core.shell:Creating environment hook '/home/isarlab/ros2_humble/build/ros2_unreal_interface/share/ros2_unreal_interface/hook/pythonpath_develop.ps1'
[4.066s] DEBUG:colcon.colcon_core.event_handler.log_command:Invoked command in '/home/isarlab/ros2_humble/build/ros2_unreal_interface' returned '0': PYTHONPATH=/home/isarlab/ros2_humble/build/ros2_unreal_interface/prefix_override:/usr/lib/python3/dist-packages/colcon_core/task/python/colcon_distutils_commands:/home/isarlab/ros2_humble/install/ros2_unreal_interface/lib/python3.10/site-packages:${PYTHONPATH} /usr/bin/python3 -W ignore:setup.py install is deprecated -W ignore:easy_install command is deprecated setup.py develop --editable --build-directory /home/isarlab/ros2_humble/build/ros2_unreal_interface/build --no-deps symlink_data
[4.067s] INFO:colcon.colcon_core.shell:Creating environment descriptor '/home/isarlab/ros2_humble/build/ros2_unreal_interface/share/ros2_unreal_interface/hook/pythonpath_develop.dsv'
[4.067s] INFO:colcon.colcon_core.shell:Creating environment hook '/home/isarlab/ros2_humble/build/ros2_unreal_interface/share/ros2_unreal_interface/hook/pythonpath_develop.sh'
[4.079s] Level 1:colcon.colcon_core.environment:checking '/home/isarlab/ros2_humble/install/ros2_unreal_interface' for CMake module files
[4.079s] Level 1:colcon.colcon_core.environment:checking '/home/isarlab/ros2_humble/install/ros2_unreal_interface' for CMake config files
[4.080s] Level 1:colcon.colcon_core.environment:checking '/home/isarlab/ros2_humble/install/ros2_unreal_interface/lib'
[4.081s] Level 1:colcon.colcon_core.environment:checking '/home/isarlab/ros2_humble/install/ros2_unreal_interface/bin'
[4.081s] Level 1:colcon.colcon_core.environment:checking '/home/isarlab/ros2_humble/install/ros2_unreal_interface/lib/pkgconfig/ros2_unreal_interface.pc'
[4.081s] Level 1:colcon.colcon_core.environment:checking '/home/isarlab/ros2_humble/install/ros2_unreal_interface/lib/python3.10/site-packages'
[4.081s] Level 1:colcon.colcon_core.shell:create_environment_hook('ros2_unreal_interface', 'pythonpath')
[4.082s] INFO:colcon.colcon_core.shell:Creating environment hook '/home/isarlab/ros2_humble/install/ros2_unreal_interface/share/ros2_unreal_interface/hook/pythonpath.ps1'
[4.083s] INFO:colcon.colcon_core.shell:Creating environment descriptor '/home/isarlab/ros2_humble/install/ros2_unreal_interface/share/ros2_unreal_interface/hook/pythonpath.dsv'
[4.084s] INFO:colcon.colcon_core.shell:Creating environment hook '/home/isarlab/ros2_humble/install/ros2_unreal_interface/share/ros2_unreal_interface/hook/pythonpath.sh'
[4.085s] Level 1:colcon.colcon_core.environment:checking '/home/isarlab/ros2_humble/install/ros2_unreal_interface/bin'
[4.085s] Level 1:colcon.colcon_core.environment:create_environment_scripts_only(ros2_unreal_interface)
[4.086s] INFO:colcon.colcon_core.shell:Creating package script '/home/isarlab/ros2_humble/install/ros2_unreal_interface/share/ros2_unreal_interface/package.ps1'
[4.087s] INFO:colcon.colcon_core.shell:Creating package descriptor '/home/isarlab/ros2_humble/install/ros2_unreal_interface/share/ros2_unreal_interface/package.dsv'
[4.089s] INFO:colcon.colcon_core.shell:Creating package script '/home/isarlab/ros2_humble/install/ros2_unreal_interface/share/ros2_unreal_interface/package.sh'
[4.090s] INFO:colcon.colcon_core.shell:Creating package script '/home/isarlab/ros2_humble/install/ros2_unreal_interface/share/ros2_unreal_interface/package.bash'
[4.092s] INFO:colcon.colcon_core.shell:Creating package script '/home/isarlab/ros2_humble/install/ros2_unreal_interface/share/ros2_unreal_interface/package.zsh'
[4.093s] Level 1:colcon.colcon_core.environment:create_file_with_runtime_dependencies(/home/isarlab/ros2_humble/install/ros2_unreal_interface/share/colcon-core/packages/ros2_unreal_interface)
[4.397s] Level 1:colcon.colcon_core.shell:create_environment_hook('depth_yolo_fusion', 'pythonpath_develop')
[4.397s] INFO:colcon.colcon_core.shell:Creating environment hook '/home/isarlab/ros2_humble/build/depth_yolo_fusion/src/share/depth_yolo_fusion/hook/pythonpath_develop.ps1'
[4.398s] DEBUG:colcon.colcon_core.event_handler.log_command:Invoked command in '/home/isarlab/ros2_humble/build/depth_yolo_fusion' returned '0': PYTHONPATH=/home/isarlab/ros2_humble/build/depth_yolo_fusion/prefix_override:/usr/lib/python3/dist-packages/colcon_core/task/python/colcon_distutils_commands:/home/isarlab/ros2_humble/install/depth_yolo_fusion/lib/python3.10/site-packages:${PYTHONPATH} /usr/bin/python3 -W ignore:setup.py install is deprecated -W ignore:easy_install command is deprecated setup.py develop --editable --build-directory /home/isarlab/ros2_humble/build/depth_yolo_fusion/build --no-deps symlink_data
[4.400s] INFO:colcon.colcon_core.shell:Creating environment descriptor '/home/isarlab/ros2_humble/build/depth_yolo_fusion/src/share/depth_yolo_fusion/hook/pythonpath_develop.dsv'
[4.400s] INFO:colcon.colcon_core.shell:Creating environment hook '/home/isarlab/ros2_humble/build/depth_yolo_fusion/src/share/depth_yolo_fusion/hook/pythonpath_develop.sh'
[4.401s] Level 1:colcon.colcon_core.environment:checking '/home/isarlab/ros2_humble/install/depth_yolo_fusion' for CMake module files
[4.401s] Level 1:colcon.colcon_core.environment:checking '/home/isarlab/ros2_humble/install/depth_yolo_fusion' for CMake config files
[4.402s] Level 1:colcon.colcon_core.environment:checking '/home/isarlab/ros2_humble/install/depth_yolo_fusion/lib'
[4.402s] Level 1:colcon.colcon_core.environment:checking '/home/isarlab/ros2_humble/install/depth_yolo_fusion/bin'
[4.402s] Level 1:colcon.colcon_core.environment:checking '/home/isarlab/ros2_humble/install/depth_yolo_fusion/lib/pkgconfig/depth_yolo_fusion.pc'
[4.402s] Level 1:colcon.colcon_core.environment:checking '/home/isarlab/ros2_humble/install/depth_yolo_fusion/lib/python3.10/site-packages'
[4.402s] Level 1:colcon.colcon_core.shell:create_environment_hook('depth_yolo_fusion', 'pythonpath')
[4.402s] INFO:colcon.colcon_core.shell:Creating environment hook '/home/isarlab/ros2_humble/install/depth_yolo_fusion/share/depth_yolo_fusion/hook/pythonpath.ps1'
[4.403s] INFO:colcon.colcon_core.shell:Creating environment descriptor '/home/isarlab/ros2_humble/install/depth_yolo_fusion/share/depth_yolo_fusion/hook/pythonpath.dsv'
[4.403s] INFO:colcon.colcon_core.shell:Creating environment hook '/home/isarlab/ros2_humble/install/depth_yolo_fusion/share/depth_yolo_fusion/hook/pythonpath.sh'
[4.404s] Level 1:colcon.colcon_core.environment:checking '/home/isarlab/ros2_humble/install/depth_yolo_fusion/bin'
[4.404s] Level 1:colcon.colcon_core.environment:create_environment_scripts_only(depth_yolo_fusion)
[4.404s] INFO:colcon.colcon_core.shell:Creating package script '/home/isarlab/ros2_humble/install/depth_yolo_fusion/share/depth_yolo_fusion/package.ps1'
[4.405s] INFO:colcon.colcon_core.shell:Creating package descriptor '/home/isarlab/ros2_humble/install/depth_yolo_fusion/share/depth_yolo_fusion/package.dsv'
[4.405s] INFO:colcon.colcon_core.shell:Creating package script '/home/isarlab/ros2_humble/install/depth_yolo_fusion/share/depth_yolo_fusion/package.sh'
[4.406s] INFO:colcon.colcon_core.shell:Creating package script '/home/isarlab/ros2_humble/install/depth_yolo_fusion/share/depth_yolo_fusion/package.bash'
[4.406s] INFO:colcon.colcon_core.shell:Creating package script '/home/isarlab/ros2_humble/install/depth_yolo_fusion/share/depth_yolo_fusion/package.zsh'
[4.407s] Level 1:colcon.colcon_core.environment:create_file_with_runtime_dependencies(/home/isarlab/ros2_humble/install/depth_yolo_fusion/share/colcon-core/packages/depth_yolo_fusion)
[4.412s] Level 1:colcon.colcon_core.shell:create_environment_hook('ackermann_kf_tracker', 'pythonpath_develop')
[4.413s] DEBUG:colcon.colcon_core.event_handler.log_command:Invoked command in '/home/isarlab/ros2_humble/build/ackermann_kf_tracker' returned '0': PYTHONPATH=/home/isarlab/ros2_humble/build/ackermann_kf_tracker/prefix_override:/usr/lib/python3/dist-packages/colcon_core/task/python/colcon_distutils_commands:/home/isarlab/ros2_humble/install/ackermann_kf_tracker/lib/python3.10/site-packages:${PYTHONPATH} /usr/bin/python3 -W ignore:setup.py install is deprecated -W ignore:easy_install command is deprecated setup.py develop --editable --build-directory /home/isarlab/ros2_humble/build/ackermann_kf_tracker/build --no-deps symlink_data
[4.413s] INFO:colcon.colcon_core.shell:Creating environment hook '/home/isarlab/ros2_humble/build/ackermann_kf_tracker/share/ackermann_kf_tracker/hook/pythonpath_develop.ps1'
[4.415s] INFO:colcon.colcon_core.shell:Creating environment descriptor '/home/isarlab/ros2_humble/build/ackermann_kf_tracker/share/ackermann_kf_tracker/hook/pythonpath_develop.dsv'
[4.416s] INFO:colcon.colcon_core.shell:Creating environment hook '/home/isarlab/ros2_humble/build/ackermann_kf_tracker/share/ackermann_kf_tracker/hook/pythonpath_develop.sh'
[4.416s] Level 1:colcon.colcon_core.environment:checking '/home/isarlab/ros2_humble/install/ackermann_kf_tracker' for CMake module files
[4.417s] Level 1:colcon.colcon_core.environment:checking '/home/isarlab/ros2_humble/install/ackermann_kf_tracker' for CMake config files
[4.417s] Level 1:colcon.colcon_core.environment:checking '/home/isarlab/ros2_humble/install/ackermann_kf_tracker/lib'
[4.417s] Level 1:colcon.colcon_core.environment:checking '/home/isarlab/ros2_humble/install/ackermann_kf_tracker/bin'
[4.417s] Level 1:colcon.colcon_core.environment:checking '/home/isarlab/ros2_humble/install/ackermann_kf_tracker/lib/pkgconfig/ackermann_kf_tracker.pc'
[4.418s] Level 1:colcon.colcon_core.environment:checking '/home/isarlab/ros2_humble/install/ackermann_kf_tracker/lib/python3.10/site-packages'
[4.418s] Level 1:colcon.colcon_core.shell:create_environment_hook('ackermann_kf_tracker', 'pythonpath')
[4.418s] INFO:colcon.colcon_core.shell:Creating environment hook '/home/isarlab/ros2_humble/install/ackermann_kf_tracker/share/ackermann_kf_tracker/hook/pythonpath.ps1'
[4.418s] INFO:colcon.colcon_core.shell:Creating environment descriptor '/home/isarlab/ros2_humble/install/ackermann_kf_tracker/share/ackermann_kf_tracker/hook/pythonpath.dsv'
[4.419s] INFO:colcon.colcon_core.shell:Creating environment hook '/home/isarlab/ros2_humble/install/ackermann_kf_tracker/share/ackermann_kf_tracker/hook/pythonpath.sh'
[4.419s] Level 1:colcon.colcon_core.environment:checking '/home/isarlab/ros2_humble/install/ackermann_kf_tracker/bin'
[4.419s] Level 1:colcon.colcon_core.environment:create_environment_scripts_only(ackermann_kf_tracker)
[4.420s] INFO:colcon.colcon_core.shell:Creating package script '/home/isarlab/ros2_humble/install/ackermann_kf_tracker/share/ackermann_kf_tracker/package.ps1'
[4.420s] INFO:colcon.colcon_core.shell:Creating package descriptor '/home/isarlab/ros2_humble/install/ackermann_kf_tracker/share/ackermann_kf_tracker/package.dsv'
[4.421s] INFO:colcon.colcon_core.shell:Creating package script '/home/isarlab/ros2_humble/install/ackermann_kf_tracker/share/ackermann_kf_tracker/package.sh'
[4.421s] INFO:colcon.colcon_core.shell:Creating package script '/home/isarlab/ros2_humble/install/ackermann_kf_tracker/share/ackermann_kf_tracker/package.bash'
[4.421s] INFO:colcon.colcon_core.shell:Creating package script '/home/isarlab/ros2_humble/install/ackermann_kf_tracker/share/ackermann_kf_tracker/package.zsh'
[4.422s] Level 1:colcon.colcon_core.environment:create_file_with_runtime_dependencies(/home/isarlab/ros2_humble/install/ackermann_kf_tracker/share/colcon-core/packages/ackermann_kf_tracker)
[4.426s] Level 1:colcon.colcon_core.shell:create_environment_hook('unicycle_kf_tracker', 'pythonpath_develop')
[4.427s] DEBUG:colcon.colcon_core.event_handler.log_command:Invoked command in '/home/isarlab/ros2_humble/build/unicycle_kf_tracker' returned '0': PYTHONPATH=/home/isarlab/ros2_humble/build/unicycle_kf_tracker/prefix_override:/usr/lib/python3/dist-packages/colcon_core/task/python/colcon_distutils_commands:/home/isarlab/ros2_humble/install/unicycle_kf_tracker/lib/python3.10/site-packages:${PYTHONPATH} /usr/bin/python3 -W ignore:setup.py install is deprecated -W ignore:easy_install command is deprecated setup.py develop --editable --build-directory /home/isarlab/ros2_humble/build/unicycle_kf_tracker/build --no-deps symlink_data
[4.427s] INFO:colcon.colcon_core.shell:Creating environment hook '/home/isarlab/ros2_humble/build/unicycle_kf_tracker/share/unicycle_kf_tracker/hook/pythonpath_develop.ps1'
[4.430s] INFO:colcon.colcon_core.shell:Creating environment descriptor '/home/isarlab/ros2_humble/build/unicycle_kf_tracker/share/unicycle_kf_tracker/hook/pythonpath_develop.dsv'
[4.430s] INFO:colcon.colcon_core.shell:Creating environment hook '/home/isarlab/ros2_humble/build/unicycle_kf_tracker/share/unicycle_kf_tracker/hook/pythonpath_develop.sh'
[4.431s] Level 1:colcon.colcon_core.environment:checking '/home/isarlab/ros2_humble/install/unicycle_kf_tracker' for CMake module files
[4.431s] Level 1:colcon.colcon_core.environment:checking '/home/isarlab/ros2_humble/install/unicycle_kf_tracker' for CMake config files
[4.432s] Level 1:colcon.colcon_core.environment:checking '/home/isarlab/ros2_humble/install/unicycle_kf_tracker/lib'
[4.432s] Level 1:colcon.colcon_core.environment:checking '/home/isarlab/ros2_humble/install/unicycle_kf_tracker/bin'
[4.432s] Level 1:colcon.colcon_core.environment:checking '/home/isarlab/ros2_humble/install/unicycle_kf_tracker/lib/pkgconfig/unicycle_kf_tracker.pc'
[4.432s] Level 1:colcon.colcon_core.environment:checking '/home/isarlab/ros2_humble/install/unicycle_kf_tracker/lib/python3.10/site-packages'
[4.432s] Level 1:colcon.colcon_core.shell:create_environment_hook('unicycle_kf_tracker', 'pythonpath')
[4.433s] INFO:colcon.colcon_core.shell:Creating environment hook '/home/isarlab/ros2_humble/install/unicycle_kf_tracker/share/unicycle_kf_tracker/hook/pythonpath.ps1'
[4.433s] INFO:colcon.colcon_core.shell:Creating environment descriptor '/home/isarlab/ros2_humble/install/unicycle_kf_tracker/share/unicycle_kf_tracker/hook/pythonpath.dsv'
[4.434s] INFO:colcon.colcon_core.shell:Creating environment hook '/home/isarlab/ros2_humble/install/unicycle_kf_tracker/share/unicycle_kf_tracker/hook/pythonpath.sh'
[4.435s] Level 1:colcon.colcon_core.environment:checking '/home/isarlab/ros2_humble/install/unicycle_kf_tracker/bin'
[4.435s] Level 1:colcon.colcon_core.environment:create_environment_scripts_only(unicycle_kf_tracker)
[4.435s] INFO:colcon.colcon_core.shell:Creating package script '/home/isarlab/ros2_humble/install/unicycle_kf_tracker/share/unicycle_kf_tracker/package.ps1'
[4.436s] INFO:colcon.colcon_core.shell:Creating package descriptor '/home/isarlab/ros2_humble/install/unicycle_kf_tracker/share/unicycle_kf_tracker/package.dsv'
[4.436s] INFO:colcon.colcon_core.shell:Creating package script '/home/isarlab/ros2_humble/install/unicycle_kf_tracker/share/unicycle_kf_tracker/package.sh'
[4.437s] INFO:colcon.colcon_core.shell:Creating package script '/home/isarlab/ros2_humble/install/unicycle_kf_tracker/share/unicycle_kf_tracker/package.bash'
[4.437s] INFO:colcon.colcon_core.shell:Creating package script '/home/isarlab/ros2_humble/install/unicycle_kf_tracker/share/unicycle_kf_tracker/package.zsh'
[4.437s] Level 1:colcon.colcon_core.environment:create_file_with_runtime_dependencies(/home/isarlab/ros2_humble/install/unicycle_kf_tracker/share/colcon-core/packages/unicycle_kf_tracker)
[4.441s] Level 1:colcon.colcon_core.shell:create_environment_hook('trajectory_metrics', 'pythonpath_develop')
[4.442s] INFO:colcon.colcon_core.shell:Creating environment hook '/home/isarlab/ros2_humble/build/trajectory_metrics/share/trajectory_metrics/hook/pythonpath_develop.ps1'
[4.443s] DEBUG:colcon.colcon_core.event_handler.log_command:Invoked command in '/home/isarlab/ros2_humble/build/trajectory_metrics' returned '0': PYTHONPATH=/home/isarlab/ros2_humble/build/trajectory_metrics/prefix_override:/usr/lib/python3/dist-packages/colcon_core/task/python/colcon_distutils_commands:/home/isarlab/ros2_humble/install/trajectory_metrics/lib/python3.10/site-packages:${PYTHONPATH} /usr/bin/python3 -W ignore:setup.py install is deprecated -W ignore:easy_install command is deprecated setup.py develop --editable --build-directory /home/isarlab/ros2_humble/build/trajectory_metrics/build --no-deps symlink_data
[4.444s] INFO:colcon.colcon_core.shell:Creating environment descriptor '/home/isarlab/ros2_humble/build/trajectory_metrics/share/trajectory_metrics/hook/pythonpath_develop.dsv'
[4.445s] INFO:colcon.colcon_core.shell:Creating environment hook '/home/isarlab/ros2_humble/build/trajectory_metrics/share/trajectory_metrics/hook/pythonpath_develop.sh'
[4.445s] Level 1:colcon.colcon_core.environment:checking '/home/isarlab/ros2_humble/install/trajectory_metrics' for CMake module files
[4.446s] Level 1:colcon.colcon_core.environment:checking '/home/isarlab/ros2_humble/install/trajectory_metrics' for CMake config files
[4.447s] Level 1:colcon.colcon_core.environment:checking '/home/isarlab/ros2_humble/install/trajectory_metrics/lib'
[4.447s] Level 1:colcon.colcon_core.environment:checking '/home/isarlab/ros2_humble/install/trajectory_metrics/bin'
[4.447s] Level 1:colcon.colcon_core.environment:checking '/home/isarlab/ros2_humble/install/trajectory_metrics/lib/pkgconfig/trajectory_metrics.pc'
[4.447s] Level 1:colcon.colcon_core.environment:checking '/home/isarlab/ros2_humble/install/trajectory_metrics/lib/python3.10/site-packages'
[4.447s] Level 1:colcon.colcon_core.shell:create_environment_hook('trajectory_metrics', 'pythonpath')
[4.447s] INFO:colcon.colcon_core.shell:Creating environment hook '/home/isarlab/ros2_humble/install/trajectory_metrics/share/trajectory_metrics/hook/pythonpath.ps1'
[4.448s] INFO:colcon.colcon_core.shell:Creating environment descriptor '/home/isarlab/ros2_humble/install/trajectory_metrics/share/trajectory_metrics/hook/pythonpath.dsv'
[4.448s] INFO:colcon.colcon_core.shell:Creating environment hook '/home/isarlab/ros2_humble/install/trajectory_metrics/share/trajectory_metrics/hook/pythonpath.sh'
[4.449s] Level 1:colcon.colcon_core.environment:checking '/home/isarlab/ros2_humble/install/trajectory_metrics/bin'
[4.449s] Level 1:colcon.colcon_core.environment:create_environment_scripts_only(trajectory_metrics)
[4.449s] INFO:colcon.colcon_core.shell:Creating package script '/home/isarlab/ros2_humble/install/trajectory_metrics/share/trajectory_metrics/package.ps1'
[4.450s] INFO:colcon.colcon_core.shell:Creating package descriptor '/home/isarlab/ros2_humble/install/trajectory_metrics/share/trajectory_metrics/package.dsv'
[4.450s] INFO:colcon.colcon_core.shell:Creating package script '/home/isarlab/ros2_humble/install/trajectory_metrics/share/trajectory_metrics/package.sh'
[4.451s] INFO:colcon.colcon_core.shell:Creating package script '/home/isarlab/ros2_humble/install/trajectory_metrics/share/trajectory_metrics/package.bash'
[4.451s] INFO:colcon.colcon_core.shell:Creating package script '/home/isarlab/ros2_humble/install/trajectory_metrics/share/trajectory_metrics/package.zsh'
[4.451s] Level 1:colcon.colcon_core.environment:create_file_with_runtime_dependencies(/home/isarlab/ros2_humble/install/trajectory_metrics/share/colcon-core/packages/trajectory_metrics)
[4.453s] Level 1:colcon.colcon_core.shell:create_environment_hook('yolo_detector', 'pythonpath_develop')
[4.453s] INFO:colcon.colcon_core.shell:Creating environment hook '/home/isarlab/ros2_humble/build/yolo_detector/src/share/yolo_detector/hook/pythonpath_develop.ps1'
[4.455s] DEBUG:colcon.colcon_core.event_handler.log_command:Invoked command in '/home/isarlab/ros2_humble/build/yolo_detector' returned '0': PYTHONPATH=/home/isarlab/ros2_humble/build/yolo_detector/prefix_override:/usr/lib/python3/dist-packages/colcon_core/task/python/colcon_distutils_commands:/home/isarlab/ros2_humble/install/yolo_detector/lib/python3.10/site-packages:${PYTHONPATH} /usr/bin/python3 -W ignore:setup.py install is deprecated -W ignore:easy_install command is deprecated setup.py develop --editable --build-directory /home/isarlab/ros2_humble/build/yolo_detector/build --no-deps symlink_data
[4.456s] INFO:colcon.colcon_core.shell:Creating environment descriptor '/home/isarlab/ros2_humble/build/yolo_detector/src/share/yolo_detector/hook/pythonpath_develop.dsv'
[4.457s] INFO:colcon.colcon_core.shell:Creating environment hook '/home/isarlab/ros2_humble/build/yolo_detector/src/share/yolo_detector/hook/pythonpath_develop.sh'
[4.457s] Level 1:colcon.colcon_core.environment:checking '/home/isarlab/ros2_humble/install/yolo_detector' for CMake module files
[4.458s] Level 1:colcon.colcon_core.environment:checking '/home/isarlab/ros2_humble/install/yolo_detector' for CMake config files
[4.459s] Level 1:colcon.colcon_core.environment:checking '/home/isarlab/ros2_humble/install/yolo_detector/lib'
[4.459s] Level 1:colcon.colcon_core.environment:checking '/home/isarlab/ros2_humble/install/yolo_detector/bin'
[4.459s] Level 1:colcon.colcon_core.environment:checking '/home/isarlab/ros2_humble/install/yolo_detector/lib/pkgconfig/yolo_detector.pc'
[4.459s] Level 1:colcon.colcon_core.environment:checking '/home/isarlab/ros2_humble/install/yolo_detector/lib/python3.10/site-packages'
[4.460s] Level 1:colcon.colcon_core.shell:create_environment_hook('yolo_detector', 'pythonpath')
[4.460s] INFO:colcon.colcon_core.shell:Creating environment hook '/home/isarlab/ros2_humble/install/yolo_detector/share/yolo_detector/hook/pythonpath.ps1'
[4.460s] INFO:colcon.colcon_core.shell:Creating environment descriptor '/home/isarlab/ros2_humble/install/yolo_detector/share/yolo_detector/hook/pythonpath.dsv'
[4.461s] INFO:colcon.colcon_core.shell:Creating environment hook '/home/isarlab/ros2_humble/install/yolo_detector/share/yolo_detector/hook/pythonpath.sh'
[4.462s] Level 1:colcon.colcon_core.environment:checking '/home/isarlab/ros2_humble/install/yolo_detector/bin'
[4.462s] Level 1:colcon.colcon_core.environment:create_environment_scripts_only(yolo_detector)
[4.462s] INFO:colcon.colcon_core.shell:Creating package script '/home/isarlab/ros2_humble/install/yolo_detector/share/yolo_detector/package.ps1'
[4.463s] INFO:colcon.colcon_core.shell:Creating package descriptor '/home/isarlab/ros2_humble/install/yolo_detector/share/yolo_detector/package.dsv'
[4.464s] INFO:colcon.colcon_core.shell:Creating package script '/home/isarlab/ros2_humble/install/yolo_detector/share/yolo_detector/package.sh'
[4.464s] INFO:colcon.colcon_core.shell:Creating package script '/home/isarlab/ros2_humble/install/yolo_detector/share/yolo_detector/package.bash'
[4.464s] INFO:colcon.colcon_core.shell:Creating package script '/home/isarlab/ros2_humble/install/yolo_detector/share/yolo_detector/package.zsh'
[4.465s] Level 1:colcon.colcon_core.environment:create_file_with_runtime_dependencies(/home/isarlab/ros2_humble/install/yolo_detector/share/colcon-core/packages/yolo_detector)
[4.466s] INFO:colcon.colcon_ros.task.ament_python.build:Building ROS package in '/home/isarlab/ros2_humble/src/experiments' with build type 'ament_python'
[4.466s] Level 1:colcon.colcon_core.shell:create_environment_hook('experiments', 'ament_prefix_path')
[4.466s] INFO:colcon.colcon_core.shell:Creating environment hook '/home/isarlab/ros2_humble/install/experiments/share/experiments/hook/ament_prefix_path.ps1'
[4.469s] INFO:colcon.colcon_core.shell:Creating environment descriptor '/home/isarlab/ros2_humble/install/experiments/share/experiments/hook/ament_prefix_path.dsv'
[4.470s] INFO:colcon.colcon_core.shell:Creating environment hook '/home/isarlab/ros2_humble/install/experiments/share/experiments/hook/ament_prefix_path.sh'
[4.470s] INFO:colcon.colcon_core.shell:Skip shell extension 'powershell' for command environment: Not usable outside of PowerShell
[4.471s] DEBUG:colcon.colcon_core.shell:Skip shell extension 'dsv' for command environment
[5.161s] INFO:colcon.colcon_core.task.python.build:Building Python package in '/home/isarlab/ros2_humble/src/experiments'
[5.162s] INFO:colcon.colcon_core.shell:Skip shell extension 'powershell' for command environment: Not usable outside of PowerShell
[5.162s] DEBUG:colcon.colcon_core.shell:Skip shell extension 'dsv' for command environment
[5.961s] DEBUG:colcon.colcon_core.event_handler.log_command:Invoking command in '/home/isarlab/ros2_humble/build/experiments': AMENT_PREFIX_PATH=/home/isarlab/ros2_humble/install/yolo_detector:/home/isarlab/ros2_humble/install/unicycle_kf_tracker:/home/isarlab/ros2_humble/install/depth_yolo_fusion:/home/isarlab/ros2_humble/install/ackermann_kf_tracker PYTHONPATH=/home/isarlab/ros2_humble/build/experiments/prefix_override:/usr/lib/python3/dist-packages/colcon_core/task/python/colcon_distutils_commands:/home/isarlab/ros2_humble/install/experiments/lib/python3.10/site-packages:/home/isarlab/ros2_humble/build/yolo_detector/src:/home/isarlab/ros2_humble/install/yolo_detector/lib/python3.10/site-packages:/home/isarlab/ros2_humble/build/unicycle_kf_tracker:/home/isarlab/ros2_humble/install/unicycle_kf_tracker/lib/python3.10/site-packages:/home/isarlab/ros2_humble/build/depth_yolo_fusion/src:/home/isarlab/ros2_humble/install/depth_yolo_fusion/lib/python3.10/site-packages:/home/isarlab/ros2_humble/build/ackermann_kf_tracker/.:/home/isarlab/ros2_humble/install/ackermann_kf_tracker/lib/python3.10/site-packages:/home/isarlab/ros2_humble/build/experiments:/home/isarlab/ros2_humble/build/trajectory_metrics:/home/isarlab/ros2_humble/build/ros2_unreal_interface:/home/isarlab/ros2_humble/install/experiments/lib/python3.10/site-packages:/home/isarlab/ros2_humble/install/trajectory_metrics/lib/python3.10/site-packages:/home/isarlab/ros2_humble/install/ros2_unreal_interface/lib/python3.10/site-packages:/home/isarlab/ros2_humble/src/install/experiments/lib/python3.10/site-packages:/home/isarlab/ros2_humble/src/install/yolo_detector/lib/python3.10/site-packages:/home/isarlab/ros2_humble/src/install/unicycle_kf_tracker/lib/python3.10/site-packages:/home/isarlab/ros2_humble/src/install/trajectory_metrics/lib/python3.10/site-packages:/home/isarlab/ros2_humble/src/install/ros2_unreal_interface/lib/python3.10/site-packages:/home/isarlab/ros2_humble/src/install/depth_yolo_fusion/lib/python3.10/site-packages:/home/isarlab/ros2_humble/src/install/ackermann_kf_tracker/lib/python3.10/site-packages:/home/isarlab/cv_bridge_ws/install/opencv_tests/lib/python3.10/site-packages:/home/isarlab/cv_bridge_ws/install/image_geometry/local/lib/python3.10/dist-packages:/home/isarlab/cv_bridge_ws/install/cv_bridge/local/lib/python3.10/dist-packages:/opt/ros/humble/lib/python3.10/site-packages:/opt/ros/humble/local/lib/python3.10/dist-packages /usr/bin/python3 -W ignore:setup.py install is deprecated -W ignore:easy_install command is deprecated setup.py develop --editable --build-directory /home/isarlab/ros2_humble/build/experiments/build --no-deps symlink_data
[6.495s] Level 1:colcon.colcon_core.shell:create_environment_hook('experiments', 'pythonpath_develop')
[6.496s] INFO:colcon.colcon_core.shell:Creating environment hook '/home/isarlab/ros2_humble/build/experiments/share/experiments/hook/pythonpath_develop.ps1'
[6.496s] DEBUG:colcon.colcon_core.event_handler.log_command:Invoked command in '/home/isarlab/ros2_humble/build/experiments' returned '0': AMENT_PREFIX_PATH=/home/isarlab/ros2_humble/install/yolo_detector:/home/isarlab/ros2_humble/install/unicycle_kf_tracker:/home/isarlab/ros2_humble/install/depth_yolo_fusion:/home/isarlab/ros2_humble/install/ackermann_kf_tracker PYTHONPATH=/home/isarlab/ros2_humble/build/experiments/prefix_override:/usr/lib/python3/dist-packages/colcon_core/task/python/colcon_distutils_commands:/home/isarlab/ros2_humble/install/experiments/lib/python3.10/site-packages:/home/isarlab/ros2_humble/build/yolo_detector/src:/home/isarlab/ros2_humble/install/yolo_detector/lib/python3.10/site-packages:/home/isarlab/ros2_humble/build/unicycle_kf_tracker:/home/isarlab/ros2_humble/install/unicycle_kf_tracker/lib/python3.10/site-packages:/home/isarlab/ros2_humble/build/depth_yolo_fusion/src:/home/isarlab/ros2_humble/install/depth_yolo_fusion/lib/python3.10/site-packages:/home/isarlab/ros2_humble/build/ackermann_kf_tracker/.:/home/isarlab/ros2_humble/install/ackermann_kf_tracker/lib/python3.10/site-packages:/home/isarlab/ros2_humble/build/experiments:/home/isarlab/ros2_humble/build/trajectory_metrics:/home/isarlab/ros2_humble/build/ros2_unreal_interface:/home/isarlab/ros2_humble/install/experiments/lib/python3.10/site-packages:/home/isarlab/ros2_humble/install/trajectory_metrics/lib/python3.10/site-packages:/home/isarlab/ros2_humble/install/ros2_unreal_interface/lib/python3.10/site-packages:/home/isarlab/ros2_humble/src/install/experiments/lib/python3.10/site-packages:/home/isarlab/ros2_humble/src/install/yolo_detector/lib/python3.10/site-packages:/home/isarlab/ros2_humble/src/install/unicycle_kf_tracker/lib/python3.10/site-packages:/home/isarlab/ros2_humble/src/install/trajectory_metrics/lib/python3.10/site-packages:/home/isarlab/ros2_humble/src/install/ros2_unreal_interface/lib/python3.10/site-packages:/home/isarlab/ros2_humble/src/install/depth_yolo_fusion/lib/python3.10/site-packages:/home/isarlab/ros2_humble/src/install/ackermann_kf_tracker/lib/python3.10/site-packages:/home/isarlab/cv_bridge_ws/install/opencv_tests/lib/python3.10/site-packages:/home/isarlab/cv_bridge_ws/install/image_geometry/local/lib/python3.10/dist-packages:/home/isarlab/cv_bridge_ws/install/cv_bridge/local/lib/python3.10/dist-packages:/opt/ros/humble/lib/python3.10/site-packages:/opt/ros/humble/local/lib/python3.10/dist-packages /usr/bin/python3 -W ignore:setup.py install is deprecated -W ignore:easy_install command is deprecated setup.py develop --editable --build-directory /home/isarlab/ros2_humble/build/experiments/build --no-deps symlink_data
[6.498s] INFO:colcon.colcon_core.shell:Creating environment descriptor '/home/isarlab/ros2_humble/build/experiments/share/experiments/hook/pythonpath_develop.dsv'
[6.498s] INFO:colcon.colcon_core.shell:Creating environment hook '/home/isarlab/ros2_humble/build/experiments/share/experiments/hook/pythonpath_develop.sh'
[6.499s] Level 1:colcon.colcon_core.environment:checking '/home/isarlab/ros2_humble/install/experiments' for CMake module files
[6.499s] Level 1:colcon.colcon_core.environment:checking '/home/isarlab/ros2_humble/install/experiments' for CMake config files
[6.500s] Level 1:colcon.colcon_core.environment:checking '/home/isarlab/ros2_humble/install/experiments/lib'
[6.500s] Level 1:colcon.colcon_core.environment:checking '/home/isarlab/ros2_humble/install/experiments/bin'
[6.500s] Level 1:colcon.colcon_core.environment:checking '/home/isarlab/ros2_humble/install/experiments/lib/pkgconfig/experiments.pc'
[6.500s] Level 1:colcon.colcon_core.environment:checking '/home/isarlab/ros2_humble/install/experiments/lib/python3.10/site-packages'
[6.500s] Level 1:colcon.colcon_core.shell:create_environment_hook('experiments', 'pythonpath')
[6.500s] INFO:colcon.colcon_core.shell:Creating environment hook '/home/isarlab/ros2_humble/install/experiments/share/experiments/hook/pythonpath.ps1'
[6.501s] INFO:colcon.colcon_core.shell:Creating environment descriptor '/home/isarlab/ros2_humble/install/experiments/share/experiments/hook/pythonpath.dsv'
[6.501s] INFO:colcon.colcon_core.shell:Creating environment hook '/home/isarlab/ros2_humble/install/experiments/share/experiments/hook/pythonpath.sh'
[6.501s] Level 1:colcon.colcon_core.environment:checking '/home/isarlab/ros2_humble/install/experiments/bin'
[6.502s] Level 1:colcon.colcon_core.environment:create_environment_scripts_only(experiments)
[6.502s] INFO:colcon.colcon_core.shell:Creating package script '/home/isarlab/ros2_humble/install/experiments/share/experiments/package.ps1'
[6.502s] INFO:colcon.colcon_core.shell:Creating package descriptor '/home/isarlab/ros2_humble/install/experiments/share/experiments/package.dsv'
[6.503s] INFO:colcon.colcon_core.shell:Creating package script '/home/isarlab/ros2_humble/install/experiments/share/experiments/package.sh'
[6.503s] INFO:colcon.colcon_core.shell:Creating package script '/home/isarlab/ros2_humble/install/experiments/share/experiments/package.bash'
[6.503s] INFO:colcon.colcon_core.shell:Creating package script '/home/isarlab/ros2_humble/install/experiments/share/experiments/package.zsh'
[6.504s] Level 1:colcon.colcon_core.environment:create_file_with_runtime_dependencies(/home/isarlab/ros2_humble/install/experiments/share/colcon-core/packages/experiments)
[6.505s] DEBUG:colcon.colcon_parallel_executor.executor.parallel:closing loop
[6.506s] DEBUG:colcon.colcon_parallel_executor.executor.parallel:loop closed
[6.506s] DEBUG:colcon.colcon_parallel_executor.executor.parallel:run_until_complete finished with '0'
[6.506s] DEBUG:colcon.colcon_core.event_reactor:joining thread
[6.555s] INFO:colcon.colcon_core.plugin_system:Skipping extension 'colcon_notification.desktop_notification.notify_send': Could not find 'notify-send'
[6.555s] INFO:colcon.colcon_core.plugin_system:Skipping extension 'colcon_notification.desktop_notification.terminal_notifier': Not used on non-Darwin systems
[6.555s] INFO:colcon.colcon_core.plugin_system:Skipping extension 'colcon_notification.desktop_notification.win32': Not used on non-Windows systems
[6.555s] INFO:colcon.colcon_notification.desktop_notification:Sending desktop notification using 'notify2'
[6.556s] DEBUG:colcon.colcon_notification.desktop_notification.notify2:Failed to initialize notify2: org.freedesktop.DBus.Error.FileNotFound: Failed to connect to socket /run/user/1000/bus: No such file or directory
[6.556s] DEBUG:colcon.colcon_core.event_reactor:joined thread
[6.556s] INFO:colcon.colcon_core.shell:Creating prefix script '/home/isarlab/ros2_humble/install/local_setup.ps1'
[6.558s] INFO:colcon.colcon_core.shell:Creating prefix util module '/home/isarlab/ros2_humble/install/_local_setup_util_ps1.py'
[6.560s] INFO:colcon.colcon_core.shell:Creating prefix chain script '/home/isarlab/ros2_humble/install/setup.ps1'
[6.561s] INFO:colcon.colcon_core.shell:Creating prefix script '/home/isarlab/ros2_humble/install/local_setup.sh'
[6.562s] INFO:colcon.colcon_core.shell:Creating prefix util module '/home/isarlab/ros2_humble/install/_local_setup_util_sh.py'
[6.562s] INFO:colcon.colcon_core.shell:Creating prefix chain script '/home/isarlab/ros2_humble/install/setup.sh'
[6.563s] INFO:colcon.colcon_core.shell:Creating prefix script '/home/isarlab/ros2_humble/install/local_setup.bash'
[6.564s] INFO:colcon.colcon_core.shell:Creating prefix chain script '/home/isarlab/ros2_humble/install/setup.bash'
[6.566s] INFO:colcon.colcon_core.shell:Creating prefix script '/home/isarlab/ros2_humble/install/local_setup.zsh'
[6.566s] INFO:colcon.colcon_core.shell:Creating prefix chain script '/home/isarlab/ros2_humble/install/setup.zsh'
