stage,target_id,n_samples,mae_x,mae_y,mae_norm,rmse_x,rmse_y,rmse_norm,final_error,max_error
fusion,1,239,1.9575644152443246e+30,2.2249628370649618e+32,2.225048966202424e+32,3.0263204936033334e+31,3.4390809107139064e+33,3.439214063126893e+33,28.280435703708214,5.316895825184665e+34
