stage,target_id,n_samples,mae_x,mae_y,mae_norm,rmse_x,rmse_y,rmse_norm,final_error,max_error
unicycle,1,105,0.0367993428005484,7.751981757981361,7.7533981874398865,0.0444114971142031,9.805048843514474,9.805149422868599,1.4134648755647097,18.49920327030934
