stage,n_samples,mae_x,mae_y,mae_norm,rmse_x,rmse_y,rmse_norm,final_error,max_error
fusion,230,9.41934241672802e+33,2.3316253448833848e+33,9.708754204632606e+33,3.4809919520372018e+34,8.53376587280861e+33,3.584069833285464e+34,80.43679517317369,1.6451772313857997e+35
unicycle,227,8.491771211453608,0.1115897480100842,8.496481682646268,11.164996933444987,0.2476724365580291,11.16774364675634,0.0951918274683701,19.89982421875
ackermann,78,9.086807005531162,9.453444456927148,13.112883277198744,10.516923740005067,10.941824382620457,15.17660060004182,4.984946777841524,19.988849705770665
