stage,target_id,n_samples,mae_x,mae_y,mae_norm,rmse_x,rmse_y,rmse_norm,final_error,max_error
ackermann,1,78,9.086807005531162,9.453444456927148,13.112883277198744,10.516923740005067,10.941824382620455,15.17660060004182,4.9849467778415235,19.988849705770665
