stage,target_id,n_samples,mae_x,mae_y,mae_norm,rmse_x,rmse_y,rmse_norm,final_error,max_error
fusion,1,245,4.498522109022051e+27,4.340089508723197e+32,4.340089508956334e+32,4.978951589196891e+28,4.803598833798283e+33,4.8035988340563176e+33,16.88916730893104,5.316609648471509e+34
