stage,target_id,n_samples,mae_x,mae_y,mae_norm,rmse_x,rmse_y,rmse_norm,final_error,max_error
unicycle,1,199,8.708029379416564,2.578913311639795,9.124860813955873,10.730597816885407,3.1633299679050877,11.187152720580528,0.40451259532320294,19.89074888059864
