t,stage,target_id,gt_x,gt_y,est_x,est_y,err_x,err_y,err_norm
1774434840.1463802,unicycle,1,-0.1564967100872252,-3.5000249942258215,0.0,0.0,0.1564967100872252,3.5000249942258215,3.5035219680306824
