stage,target_id,n_samples,mae_x,mae_y,mae_norm,rmse_x,rmse_y,rmse_norm,final_error,max_error
ackermann,1,83,1.2254594632068618,1.6319292473823082,2.4333400023700356,2.4826824027245165,11.330388851590056,11.599199258614115,0.13392962782716072,104.21959462982643
