stage,n_samples,mae_x,mae_y,mae_norm,rmse_x,rmse_y,rmse_norm,final_error,max_error
fusion,237,19.229928982525493,7.439062371617022,20.941445250384792,20.431317135905434,9.120603226118964,22.37463123978214,28.284270815878173,28.284270815878173
unicycle,1,0.1564967100872252,3.500024994225821,3.5035219680306824,0.1564967100872252,3.500024994225821,3.5035219680306824,3.5035219680306824,3.5035219680306824
ackermann,247,1.8174941459810532,8.620515837832366,9.629581567551556,11.054418372632158,11.146367340817774,15.698460767019055,0.4064161944020278,104.38256248519954
