stage,target_id,n_samples,mae_x,mae_y,mae_norm,rmse_x,rmse_y,rmse_norm,final_error,max_error
ackermann,1,209,1.017674164857339,0.000547854549626363,1.0176786966665412,1.3788554439545673,0.0009821479013987016,1.3788557937426407,0.011642782607550636,3.7500155502449806
